Cleanup Name,Location Address,City Name,State Code,Postal Code,County Name,EPA ID,Brownfields Link CSV,RCRA CSV,Superfund Link CSV,ECHO Link CSV,Response Link CSV,RE-Powering CSV,FRS Link CSV,Map Site CSV
ACME STEEL CO,11236 S. TORRENCE AVE.,CHICAGO,IL,60617,COOK,ILN000509241,,,https://cumulis.epa.gov/supercpad/cursites/csitinfo.cfm?id=0509241,,,https://ordspub.epa.gov/ords/cimc/f?p=CIMC:REPOWER:::::P6_REFERENCE::,https://ofmpub.epa.gov/frs_public2/fii_query_detail.disp_program_facility?p_registry_id=110000434325,https://cimc.epa.gov/ords/cimcf?p=CIMC:MAP:::::P71_GEOSEARCH:41.69571 -87.55947
"MIDWEST ELECTRIC DIV. OF COOPER, IND.",1639 W WALNUT,CHICAGO,IL,60612,COOK,ILD059453373,,https://ordspub.epa.gov/ords/cimc/f?p=CIMC:RCRA:::::P14_RCRA_HANDLER_ID:ILD059453373,,https://echo.epa.gov/detailed-facility-report?fid=110000612490,,https://ordspub.epa.gov/ords/cimc/f?p=CIMC:REPOWER:::::P6_REFERENCE::1001,https://ofmpub.epa.gov/frs_public2/fii_query_detail.disp_program_facility?p_registry_id=110000612490,https://cimc.epa.gov/ords/cimcf?p=CIMC:MAP:::::P71_GEOSEARCH:41.8861 -87.66859
CHICAGO HOMETOWN AWARD - BLOOMINGDALE PARK TRAIL,541 N FAIRBANKS 22ND FL,CHICAGO,IL,60611,COOK,,"https://cimc.epa.gov/ords/cimc/f?p=206:31::::31,0:P31_ID:163845",,,,,https://ordspub.epa.gov/ords/cimc/f?p=CIMC:REPOWER:::::P6_REFERENCE::39551,https://ofmpub.epa.gov/frs_public2/fii_query_detail.disp_program_facility?p_registry_id=110005873260,https://cimc.epa.gov/ords/cimcf?p=CIMC:MAP:::::P71_GEOSEARCH:41.89196 -87.62024
ROBERT CLEMENTE COMM ACAD HS,1147 NORTH WESTERN AVENUE,CHICAGO,IL,60622,COOK,ILN000508652,,,https://cumulis.epa.gov/supercpad/cursites/csitinfo.cfm?id=0508652,,,https://ordspub.epa.gov/ords/cimc/f?p=CIMC:REPOWER:::::P6_REFERENCE::,https://ofmpub.epa.gov/frs_public2/fii_query_detail.disp_program_facility?p_registry_id=110005951602,https://cimc.epa.gov/ords/cimcf?p=CIMC:MAP:::::P71_GEOSEARCH:41.901667 -87.686389
ROSS MERCURY SPILL,5810 S PEORIA,CHICAGO,IL,60621,COOK,ILSFN0507787,,,https://cumulis.epa.gov/supercpad/cursites/csitinfo.cfm?id=0507787,,,https://ordspub.epa.gov/ords/cimc/f?p=CIMC:REPOWER:::::P6_REFERENCE::,https://ofmpub.epa.gov/frs_public2/fii_query_detail.disp_program_facility?p_registry_id=110005962707,https://cimc.epa.gov/ords/cimcf?p=CIMC:MAP:::::P71_GEOSEARCH:41.788611 -87.6475
109TH PLACE TEAR GAS,SG WEST 109TH PLACE,CHICAGO,IL,60628,COOK,IL0000027714,,,https://cumulis.epa.gov/supercpad/cursites/csitinfo.cfm?id=0507320,,,https://ordspub.epa.gov/ords/cimc/f?p=CIMC:REPOWER:::::P6_REFERENCE::,https://ofmpub.epa.gov/frs_public2/fii_query_detail.disp_program_facility?p_registry_id=110009280054,https://cimc.epa.gov/ords/cimcf?p=CIMC:MAP:::::P71_GEOSEARCH:41.696944 -87.626111
4310 SOUTH INDIANA AVENUE,4310 SOUTH INDIANA AVENUE,CHICAGO,IL,60653,COOK,IL0002009397,,,https://cumulis.epa.gov/supercpad/cursites/csitinfo.cfm?id=0507736,,,https://ordspub.epa.gov/ords/cimc/f?p=CIMC:REPOWER:::::P6_REFERENCE::,https://ofmpub.epa.gov/frs_public2/fii_query_detail.disp_program_facility?p_registry_id=110009282533,https://cimc.epa.gov/ords/cimcf?p=CIMC:MAP:::::P71_GEOSEARCH:41.818333 -87.621389
LAKE SALVAGE COMPANY,2527 WEST LAKE STREET,CHICAGO,IL,60612,COOK,ILD076875285,,,https://cumulis.epa.gov/supercpad/cursites/csitinfo.cfm?id=0505807,,,https://ordspub.epa.gov/ords/cimc/f?p=CIMC:REPOWER:::::P6_REFERENCE::,https://ofmpub.epa.gov/frs_public2/fii_query_detail.disp_program_facility?p_registry_id=110009283088,https://cimc.epa.gov/ords/cimcf?p=CIMC:MAP:::::P71_GEOSEARCH:41.884722 -87.69
76TH & ALBANY,76TH AND ALBANY,CHICAGO,IL,60652,COOK,ILSFN0507984,,,https://cumulis.epa.gov/supercpad/cursites/csitinfo.cfm?id=0507984,,,https://ordspub.epa.gov/ords/cimc/f?p=CIMC:REPOWER:::::P6_REFERENCE::,https://ofmpub.epa.gov/frs_public2/fii_query_detail.disp_program_facility?p_registry_id=110009284390,https://cimc.epa.gov/ords/cimcf?p=CIMC:MAP:::::P71_GEOSEARCH:41.755278 -87.7
CHICAGO CITY OF CYANIDE INCIDENT,2642 SOUTH CALIFORNIA,CHICAGO,IL,60608,COOK,ILD981959216,,,https://cumulis.epa.gov/supercpad/cursites/csitinfo.cfm?id=0501150,,,https://ordspub.epa.gov/ords/cimc/f?p=CIMC:REPOWER:::::P6_REFERENCE::,https://ofmpub.epa.gov/frs_public2/fii_query_detail.disp_program_facility?p_registry_id=110009326675,https://cimc.epa.gov/ords/cimcf?p=CIMC:MAP:::::P71_GEOSEARCH:41.841111 -87.695556
AMERICAN POUCH,4603 W. GLADYS,CHICAGO,IL,60644,COOK,ILD984807669,,,https://cumulis.epa.gov/supercpad/cursites/csitinfo.cfm?id=0506402,,,https://ordspub.epa.gov/ords/cimc/f?p=CIMC:REPOWER:::::P6_REFERENCE::,https://ofmpub.epa.gov/frs_public2/fii_query_detail.disp_program_facility?p_registry_id=110009336101,https://cimc.epa.gov/ords/cimcf?p=CIMC:MAP:::::P71_GEOSEARCH:41.876111 -87.740833
4834 SOUTH HALSTED,4834 SOUTH HALSTED,CHICAGO,IL,60609,COOK,ILN000508641,,,https://cumulis.epa.gov/supercpad/cursites/csitinfo.cfm?id=0508641,,,https://ordspub.epa.gov/ords/cimc/f?p=CIMC:REPOWER:::::P6_REFERENCE::,https://ofmpub.epa.gov/frs_public2/fii_query_detail.disp_program_facility?p_registry_id=110013325106,https://cimc.epa.gov/ords/cimcf?p=CIMC:MAP:::::P71_GEOSEARCH:41.806389 -87.645833
PEOPLES GAS CRAWFORD STATION FORMER MGP,3500 S. PULASKI RD (FORMERLY CRAWFORD AV,CHICAGO,IL,60623,COOK,ILN000510192,,,https://cumulis.epa.gov/supercpad/cursites/csitinfo.cfm?id=0510192,,,https://ordspub.epa.gov/ords/cimc/f?p=CIMC:REPOWER:::::P6_REFERENCE::81595,https://ofmpub.epa.gov/frs_public2/fii_query_detail.disp_program_facility?p_registry_id=110030434331,https://cimc.epa.gov/ords/cimcf?p=CIMC:MAP:::::P71_GEOSEARCH:41.828894 -87.714989
PEOPLES GAS HAWTHORNE AVENUE FORMER MGP,NW CORNER OF MERCEY ST AND WILLOW ST,CHICAGO,IL,60614,COOK,ILN000510195,,,https://cumulis.epa.gov/supercpad/cursites/csitinfo.cfm?id=0510195,,,https://ordspub.epa.gov/ords/cimc/f?p=CIMC:REPOWER:::::P6_REFERENCE::81596,https://ofmpub.epa.gov/frs_public2/fii_query_detail.disp_program_facility?p_registry_id=110030434368,https://cimc.epa.gov/ords/cimcf?p=CIMC:MAP:::::P71_GEOSEARCH:41.913256 -87.655889
WOODLAWN PARK,7327 S. WOODLAWN,CHICAGO,IL,60619,COOK,,"https://cimc.epa.gov/ords/cimc/f?p=206:31::::31,0:P31_ID:85481",,,,,https://ordspub.epa.gov/ords/cimc/f?p=CIMC:REPOWER:::::P6_REFERENCE::36270,https://ofmpub.epa.gov/frs_public2/fii_query_detail.disp_program_facility?p_registry_id=110038737267,https://cimc.epa.gov/ords/cimcf?p=CIMC:MAP:::::P71_GEOSEARCH:41.761847 -87.595744
CUNEO PRESS,2201-2300 S. GROVE STREET,CHICAGO,IL,60609,COOK,,"https://cimc.epa.gov/ords/cimc/f?p=206:31::::31,0:P31_ID:13883",,,,,https://ordspub.epa.gov/ords/cimc/f?p=CIMC:REPOWER:::::P6_REFERENCE::,https://ofmpub.epa.gov/frs_public2/fii_query_detail.disp_program_facility?p_registry_id=110039531272,https://cimc.epa.gov/ords/cimcf?p=CIMC:MAP:::::P71_GEOSEARCH:41.85279 -87.63902
BURNSIDE STEEL (SOUTH),1326 E. 92ND PLACE,CHICAGO,IL,60619,COOK,,"https://cimc.epa.gov/ords/cimc/f?p=206:31::::31,0:P31_ID:13884",,,,,https://ordspub.epa.gov/ords/cimc/f?p=CIMC:REPOWER:::::P6_REFERENCE::,https://ofmpub.epa.gov/frs_public2/fii_query_detail.disp_program_facility?p_registry_id=110039531290,https://cimc.epa.gov/ords/cimcf?p=CIMC:MAP:::::P71_GEOSEARCH:41.726798 -87.592221
SOUTH CHICAGO & SOUTH WORKS,3333 E. 87TH STREET,CHICAGO,IL,60617,COOK,,"https://cimc.epa.gov/ords/cimc/f?p=206:31::::31,0:P31_ID:13894",,,,,https://ordspub.epa.gov/ords/cimc/f?p=CIMC:REPOWER:::::P6_REFERENCE::,https://ofmpub.epa.gov/frs_public2/fii_query_detail.disp_program_facility?p_registry_id=110039545258,https://cimc.epa.gov/ords/cimcf?p=CIMC:MAP:::::P71_GEOSEARCH:41.73785 -87.53372
SOUTH MOZART MERCURY SPILL,5211 S. MOZART,CHICAGO,IL,60632,COOK,ILN000510523,,,https://cumulis.epa.gov/supercpad/cursites/csitinfo.cfm?id=0510523,,,https://ordspub.epa.gov/ords/cimc/f?p=CIMC:REPOWER:::::P6_REFERENCE::,https://ofmpub.epa.gov/frs_public2/fii_query_detail.disp_program_facility?p_registry_id=110043204797,https://cimc.epa.gov/ords/cimcf?p=CIMC:MAP:::::P71_GEOSEARCH:41.798784 -87.695124
CSX PCB DERAILMENT,83RD AND MAPLEWOOD INTERSECTION,CHICAGO,IL,60652,COOK,ILN000510805,,,https://cumulis.epa.gov/supercpad/cursites/csitinfo.cfm?id=0510805,,,https://ordspub.epa.gov/ords/cimc/f?p=CIMC:REPOWER:::::P6_REFERENCE::,https://ofmpub.epa.gov/frs_public2/fii_query_detail.disp_program_facility?p_registry_id=110046479440,https://cimc.epa.gov/ords/cimcf?p=CIMC:MAP:::::P71_GEOSEARCH:41.742751 -87.686399
4751 S. MORGAN,4751 S. MORGAN,CHICAGO,IL,60609,COOK,ILN000508152,,,https://cumulis.epa.gov/supercpad/cursites/csitinfo.cfm?id=0508152,,,https://ordspub.epa.gov/ords/cimc/f?p=CIMC:REPOWER:::::P6_REFERENCE::,https://ofmpub.epa.gov/frs_public2/fii_query_detail.disp_program_facility?p_registry_id=110067351234,https://cimc.epa.gov/ords/cimcf?p=CIMC:MAP:::::P71_GEOSEARCH:41.8075 -87.650278
SCHROUD PROPERTY,SW OF INTERSECTION OF 126TH STREET AND AVENUE O,CHICAGO,IL,60633,COOK,ILN000505540,,,https://cumulis.epa.gov/supercpad/cursites/csitinfo.cfm?id=0505540,,,https://ordspub.epa.gov/ords/cimc/f?p=CIMC:REPOWER:::::P6_REFERENCE::,https://ofmpub.epa.gov/frs_public2/fii_query_detail.disp_program_facility?p_registry_id=110067038306,https://cimc.epa.gov/ords/cimcf?p=CIMC:MAP:::::P71_GEOSEARCH:41.662606 -87.543503
DIRKSEN FEDERAL BUILDING,219 S. DEARBORN STREET,CHICAGO,IL,60604,COOK,ILN000510364,,,https://cumulis.epa.gov/supercpad/cursites/csitinfo.cfm?id=0510364,,,https://ordspub.epa.gov/ords/cimc/f?p=CIMC:REPOWER:::::P6_REFERENCE::,https://ofmpub.epa.gov/frs_public2/fii_query_detail.disp_program_facility?p_registry_id=110071101778,https://cimc.epa.gov/ords/cimcf?p=CIMC:MAP:::::P71_GEOSEARCH:41.87904 -87.629317
NATIONAL LACQUER & PAINT CO.,7411-31 S. GREEN ST.,CHICAGO,IL,60621,COOK,ILN000508951,,,https://cumulis.epa.gov/supercpad/cursites/csitinfo.cfm?id=0508951,,,https://ordspub.epa.gov/ords/cimc/f?p=CIMC:REPOWER:::::P6_REFERENCE::,https://ofmpub.epa.gov/frs_public2/fii_query_detail.disp_program_facility?p_registry_id=110071102067,https://cimc.epa.gov/ords/cimcf?p=CIMC:MAP:::::P71_GEOSEARCH:41.758617 -87.645278
BABE RUTH FIELD SITE,12600 S CARONDOLET AVE,CHICAGO,IL,60633,COOK,ILN000520527,,,https://cumulis.epa.gov/supercpad/cursites/csitinfo.cfm?id=0520527,,,https://ordspub.epa.gov/ords/cimc/f?p=CIMC:REPOWER:::::P6_REFERENCE::,https://ofmpub.epa.gov/frs_public2/fii_query_detail.disp_program_facility?p_registry_id=110071102297,https://cimc.epa.gov/ords/cimcf?p=CIMC:MAP:::::P71_GEOSEARCH: 
SANGAMON STREET RIGHT OF WAY,18th and Sangamon,CHICAGO,IL,60608,COOK COUNTY,,,,,,http://www.epaosc.org/sangamonstreet,,,https://cimc.epa.gov/ords/cimcf?p=CIMC:MAP:::::P71_GEOSEARCH:0 0
CHICAGO SANITARY AND SHIP CANAL MILE POST 318.5 SUNKEN VESSEL,MP 318.5 Chicago Sanitary and Ship Canal,CHICAGO,IL,60623,Cook,,,,,,http://www.epaosc.org/CSSCmp318-5sunkenvessel,,,https://cimc.epa.gov/ords/cimcf?p=CIMC:MAP:::::P71_GEOSEARCH:41.826094 -87.72346
SOUTH GREEN STREET PLATING SITE,12130 South Green Street,CHICAGO,IL,,Cook,,,,,,http://www.epaosc.org/GreenStreetPlating,,,https://cimc.epa.gov/ords/cimcf?p=CIMC:MAP:::::P71_GEOSEARCH:41.6739 -87.6428
LASALLE STREET SUNKEN BARGE,"LaSalle Street Bridge, Chicago RIver",CHICAGO,IL,60604,Cook,,,,,,http://www.epaosc.org/LaSalleStBarge,,,https://cimc.epa.gov/ords/cimcf?p=CIMC:MAP:::::P71_GEOSEARCH:41.88743 -87.632488
SANGAMON STREET RIGHT OF WAY HOOK OU1,1800 South Sangamon Street,CHICAGO,IL,60605,Cook,,,,,,http://www.epaosc.org/SangamonHook,,,https://cimc.epa.gov/ords/cimcf?p=CIMC:MAP:::::P71_GEOSEARCH:41.85805 -87.649948
ROCK-TENN CO,4200 S. PULASKI RD.,CHICAGO,IL,60632,COOK,ILD006195853,,https://ordspub.epa.gov/ords/cimc/f?p=CIMC:RCRA:::::P14_RCRA_HANDLER_ID:ILD006195853,,https://echo.epa.gov/detailed-facility-report?fid=110000435164,,https://ordspub.epa.gov/ords/cimc/f?p=CIMC:REPOWER:::::P6_REFERENCE::970,https://ofmpub.epa.gov/frs_public2/fii_query_detail.disp_program_facility?p_registry_id=110000435164,https://cimc.epa.gov/ords/cimcf?p=CIMC:MAP:::::P71_GEOSEARCH:41.81692 -87.72391
DOVER INDUSTRIAL CHROME INC,2929 NORTH CAMPBELL AVENUE,CHICAGO,IL,60618,COOK,ILD005125588,,https://ordspub.epa.gov/ords/cimc/f?p=CIMC:RCRA:::::P14_RCRA_HANDLER_ID:ILD005125588,,https://echo.epa.gov/detailed-facility-report?fid=110001292645,,https://ordspub.epa.gov/ords/cimc/f?p=CIMC:REPOWER:::::P6_REFERENCE::947,https://ofmpub.epa.gov/frs_public2/fii_query_detail.disp_program_facility?p_registry_id=110001292645,https://cimc.epa.gov/ords/cimcf?p=CIMC:MAP:::::P71_GEOSEARCH:41.934331 -87.689829
4759 N LAWRENCE,4759 N LAWRENCE,CHICAGO,IL,60630,COOK,,"https://cimc.epa.gov/ords/cimc/f?p=206:31::::31,0:P31_ID:88261",,,,,https://ordspub.epa.gov/ords/cimc/f?p=CIMC:REPOWER:::::P6_REFERENCE::36414,https://ofmpub.epa.gov/frs_public2/fii_query_detail.disp_program_facility?p_registry_id=110038737098,https://cimc.epa.gov/ords/cimcf?p=CIMC:MAP:::::P71_GEOSEARCH:41.968036 -87.74674
24TH AND FEDERAL,2400 S FEDERAL,CHICAGO,IL,60616,COOK,,"https://cimc.epa.gov/ords/cimc/f?p=206:31::::31,0:P31_ID:110566",,,,,https://ordspub.epa.gov/ords/cimc/f?p=CIMC:REPOWER:::::P6_REFERENCE::37401,https://ofmpub.epa.gov/frs_public2/fii_query_detail.disp_program_facility?p_registry_id=110040724641,https://cimc.epa.gov/ords/cimcf?p=CIMC:MAP:::::P71_GEOSEARCH:41.8485 -87.6289
GREEN DEMOLITION SPECIFICATIONS,REGION V,CHICAGO,IL,60604,COOK,,"https://cimc.epa.gov/ords/cimc/f?p=206:31::::31,0:P31_ID:156088",,,,,https://ordspub.epa.gov/ords/cimc/f?p=CIMC:REPOWER:::::P6_REFERENCE::39223,https://ofmpub.epa.gov/frs_public2/fii_query_detail.disp_program_facility?p_registry_id=110055083886,https://cimc.epa.gov/ords/cimcf?p=CIMC:MAP:::::P71_GEOSEARCH:41.764586 -87.707279
417 N KEDZIE,417 N KEDZIE,CHICAGO,IL,60624,COOK,,"https://cimc.epa.gov/ords/cimc/f?p=206:31::::31,0:P31_ID:160824",,,,,https://ordspub.epa.gov/ords/cimc/f?p=CIMC:REPOWER:::::P6_REFERENCE::39420,https://ofmpub.epa.gov/frs_public2/fii_query_detail.disp_program_facility?p_registry_id=110055264226,https://cimc.epa.gov/ords/cimcf?p=CIMC:MAP:::::P71_GEOSEARCH:41.88883 -87.70636
407 N KEDZIE,407 N KEDZIE,CHICAGO,IL,60624,COOK,,"https://cimc.epa.gov/ords/cimc/f?p=206:31::::31,0:P31_ID:160825",,,,,https://ordspub.epa.gov/ords/cimc/f?p=CIMC:REPOWER:::::P6_REFERENCE::,https://ofmpub.epa.gov/frs_public2/fii_query_detail.disp_program_facility?p_registry_id=110070247843,https://cimc.epa.gov/ords/cimcf?p=CIMC:MAP:::::P71_GEOSEARCH:41.88853 -87.70635
WISCONSIN STEEL WORKS,2800 E 106TH ST,CHICAGO,IL,60617,COOK,ILD000849737,,,https://cumulis.epa.gov/supercpad/cursites/csitinfo.cfm?id=0505976,,,https://ordspub.epa.gov/ords/cimc/f?p=CIMC:REPOWER:::::P6_REFERENCE::,https://ofmpub.epa.gov/frs_public2/fii_query_detail.disp_program_facility?p_registry_id=110000612276,https://cimc.epa.gov/ords/cimcf?p=CIMC:MAP:::::P71_GEOSEARCH:41.703056 -87.556111
CHICAGO SMELTING AND REFINING,3701 S KEDZIE AVE,CHICAGO,IL,60632,COOK,ILN000510825,,,https://cumulis.epa.gov/supercpad/cursites/csitinfo.cfm?id=0510825,,,https://ordspub.epa.gov/ords/cimc/f?p=CIMC:REPOWER:::::P6_REFERENCE::,https://ofmpub.epa.gov/frs_public2/fii_query_detail.disp_program_facility?p_registry_id=110001364817,https://cimc.epa.gov/ords/cimcf?p=CIMC:MAP:::::P71_GEOSEARCH:41.826036 -87.704093
HARRISON SHEET STEEL CO.,4718 WEST 5TH AVENUE,CHICAGO,IL,60644,COOK,IL0001048834,,,https://cumulis.epa.gov/supercpad/cursites/csitinfo.cfm?id=0507601,,,https://ordspub.epa.gov/ords/cimc/f?p=CIMC:REPOWER:::::P6_REFERENCE::,https://ofmpub.epa.gov/frs_public2/fii_query_detail.disp_program_facility?p_registry_id=110002455619,https://cimc.epa.gov/ords/cimcf?p=CIMC:MAP:::::P71_GEOSEARCH:41.868333 -87.7425
AUTO DEPOSITIONS INCORPORATED,1518 W HUBBARD ST,CHICAGO,IL,60642,COOK,ILD005150578,,,https://cumulis.epa.gov/supercpad/cursites/csitinfo.cfm?id=0507623,,,https://ordspub.epa.gov/ords/cimc/f?p=CIMC:REPOWER:::::P6_REFERENCE::,https://ofmpub.epa.gov/frs_public2/fii_query_detail.disp_program_facility?p_registry_id=110001812922,https://cimc.epa.gov/ords/cimcf?p=CIMC:MAP:::::P71_GEOSEARCH:41.889722 -87.664722
PEOPLES GAS LIGHT & COKE WILLOW ST STATION,1701-1763 KINGSBURY,CHICAGO,IL,60614,COOK,ILD982074759,,,https://cumulis.epa.gov/supercpad/cursites/csitinfo.cfm?id=0505490,,,https://ordspub.epa.gov/ords/cimc/f?p=CIMC:REPOWER:::::P6_REFERENCE::81601,https://ofmpub.epa.gov/frs_public2/fii_query_detail.disp_program_facility?p_registry_id=110009283603,https://cimc.epa.gov/ords/cimcf?p=CIMC:MAP:::::P71_GEOSEARCH:41.9125 -87.655556
AVALON AVENUE DUMP SITE,NEAR 7701 AVALON AVENUE,CHICAGO,IL,60619,COOK,ILD984904227,,,https://cumulis.epa.gov/supercpad/cursites/csitinfo.cfm?id=0506869,,,https://ordspub.epa.gov/ords/cimc/f?p=CIMC:REPOWER:::::P6_REFERENCE::,https://ofmpub.epa.gov/frs_public2/fii_query_detail.disp_program_facility?p_registry_id=110009326568,https://cimc.epa.gov/ords/cimcf?p=CIMC:MAP:::::P71_GEOSEARCH:41.754167 -87.594722
USEPA CENTRAL REGIONAL LAB,"536 S. CLARK ST., 10TH FLOOR",CHICAGO,IL,60605,COOK,ILN000509198,,,https://cumulis.epa.gov/supercpad/cursites/csitinfo.cfm?id=0509198,,,https://ordspub.epa.gov/ords/cimc/f?p=CIMC:REPOWER:::::P6_REFERENCE::,https://ofmpub.epa.gov/frs_public2/fii_query_detail.disp_program_facility?p_registry_id=110017945713,https://cimc.epa.gov/ords/cimcf?p=CIMC:MAP:::::P71_GEOSEARCH:41.875218 -87.630675
PEOPLES GAS HOUGH PLACE STATION FORMER MGP,2500 S CORBETT STREET,CHICAGO,IL,60608,COOK,ILN000510190,,,https://cumulis.epa.gov/supercpad/cursites/csitinfo.cfm?id=0510190,,,https://ordspub.epa.gov/ords/cimc/f?p=CIMC:REPOWER:::::P6_REFERENCE::81597,https://ofmpub.epa.gov/frs_public2/fii_query_detail.disp_program_facility?p_registry_id=110030434313,https://cimc.epa.gov/ords/cimcf?p=CIMC:MAP:::::P71_GEOSEARCH:41.847444 -87.650181
HANSON PARK ELEM SCHOOL,5411 W FULLERTON AV,CHICAGO,IL,60639,COOK,ILN000507886,,,https://cumulis.epa.gov/supercpad/cursites/csitinfo.cfm?id=0507886,,,https://ordspub.epa.gov/ords/cimc/f?p=CIMC:REPOWER:::::P6_REFERENCE::,https://ofmpub.epa.gov/frs_public2/fii_query_detail.disp_program_facility?p_registry_id=110036581062,https://cimc.epa.gov/ords/cimcf?p=CIMC:MAP:::::P71_GEOSEARCH:41.923354 -87.761859
4311 WEST FERDINAND,4311 WEST FERDINAND,CHICAGO,IL,60624,COOK,,"https://cimc.epa.gov/ords/cimc/f?p=206:31::::31,0:P31_ID:13877",,,,,https://ordspub.epa.gov/ords/cimc/f?p=CIMC:REPOWER:::::P6_REFERENCE::,https://ofmpub.epa.gov/frs_public2/fii_query_detail.disp_program_facility?p_registry_id=110039544696,https://cimc.epa.gov/ords/cimcf?p=CIMC:MAP:::::P71_GEOSEARCH:41.889722 -87.733787
4021 S. NORMAL AVENUE,4021 S. NORMAL AVENUE,CHICAGO,IL,60609,COOK,,"https://cimc.epa.gov/ords/cimc/f?p=206:31::::31,0:P31_ID:111272",,,,,https://ordspub.epa.gov/ords/cimc/f?p=CIMC:REPOWER:::::P6_REFERENCE::37421,https://ofmpub.epa.gov/frs_public2/fii_query_detail.disp_program_facility?p_registry_id=110043082133,https://cimc.epa.gov/ords/cimcf?p=CIMC:MAP:::::P71_GEOSEARCH:41.82095 -87.63853
11500 S PERRY,11500 S PERRY,CHICAGO,IL,60628,COOK,,"https://cimc.epa.gov/ords/cimc/f?p=206:31::::31,0:P31_ID:133625",,,,,https://ordspub.epa.gov/ords/cimc/f?p=CIMC:REPOWER:::::P6_REFERENCE::38392,https://ofmpub.epa.gov/frs_public2/fii_query_detail.disp_program_facility?p_registry_id=110044215444,https://cimc.epa.gov/ords/cimcf?p=CIMC:MAP:::::P71_GEOSEARCH:41.6853 -87.62534
APEX SMELTING,2537 WEST TAYLOR STREET,CHICAGO,IL,60612,COOK,ILN000510833,,,https://cumulis.epa.gov/supercpad/cursites/csitinfo.cfm?id=0510833,,,https://ordspub.epa.gov/ords/cimc/f?p=CIMC:REPOWER:::::P6_REFERENCE::,https://ofmpub.epa.gov/frs_public2/fii_query_detail.disp_program_facility?p_registry_id=110054144715,https://cimc.epa.gov/ords/cimcf?p=CIMC:MAP:::::P71_GEOSEARCH:41.869279 -87.690003
9200 S VANDERPOEL,9200 S VANDERPOEL,CHICAGO,IL,60643,COOK,,"https://cimc.epa.gov/ords/cimc/f?p=206:31::::31,0:P31_ID:144443",,,,,https://ordspub.epa.gov/ords/cimc/f?p=CIMC:REPOWER:::::P6_REFERENCE::38799,https://ofmpub.epa.gov/frs_public2/fii_query_detail.disp_program_facility?p_registry_id=110054146580,https://cimc.epa.gov/ords/cimcf?p=CIMC:MAP:::::P71_GEOSEARCH:41.72581 -87.66652
UJIMA GARDEN,545 N CENTRAL PARK AVE,CHICAGO,IL,60624,COOK,,"https://cimc.epa.gov/ords/cimc/f?p=206:31::::31,0:P31_ID:144441",,,,,https://ordspub.epa.gov/ords/cimc/f?p=CIMC:REPOWER:::::P6_REFERENCE::38798,https://ofmpub.epa.gov/frs_public2/fii_query_detail.disp_program_facility?p_registry_id=110046094418,https://cimc.epa.gov/ords/cimcf?p=CIMC:MAP:::::P71_GEOSEARCH:41.89163 -87.71619
PULLMAN CAR MANUFACTURING COMPANY,748 E 111TH ST,CHICAGO,IL,60628,COOK,,"https://cimc.epa.gov/ords/cimc/f?p=206:31::::31,0:P31_ID:234848",,,,,https://ordspub.epa.gov/ords/cimc/f?p=CIMC:REPOWER:::::P6_REFERENCE::,https://ofmpub.epa.gov/frs_public2/fii_query_detail.disp_program_facility?p_registry_id=110056370038,https://cimc.epa.gov/ords/cimcf?p=CIMC:MAP:::::P71_GEOSEARCH:41.69282 -87.60512
WHITNEY YOUNG LIBRARY REPLACEMENT SITE 2,419 EAST 79TH STREET,CHICAGO,IL,60619,COOK,,"https://cimc.epa.gov/ords/cimc/f?p=206:31::::31,0:P31_ID:168023",,,,,https://ordspub.epa.gov/ords/cimc/f?p=CIMC:REPOWER:::::P6_REFERENCE::39726,https://ofmpub.epa.gov/frs_public2/fii_query_detail.disp_program_facility?p_registry_id=110063698752,https://cimc.epa.gov/ords/cimcf?p=CIMC:MAP:::::P71_GEOSEARCH:41.75112 -87.61392
MOZART STREET MERCURY SPILL,1910 N. MOZART,CHICAGO,IL,60647,COOK,ILN000505637,,,https://cumulis.epa.gov/supercpad/cursites/csitinfo.cfm?id=0505637,,,https://ordspub.epa.gov/ords/cimc/f?p=CIMC:REPOWER:::::P6_REFERENCE::,https://ofmpub.epa.gov/frs_public2/fii_query_detail.disp_program_facility?p_registry_id=110067037922,https://cimc.epa.gov/ords/cimcf?p=CIMC:MAP:::::P71_GEOSEARCH:41.916068 -87.698467
PILSEN AREA SOILS,"RR & ALLEY ADJACENT TO LOOMIS ST., W. 21ST PLACE",CHICAGO,IL,60608,COOK,ILN000504472,,,https://cumulis.epa.gov/supercpad/cursites/csitinfo.cfm?id=0504472,,,https://ordspub.epa.gov/ords/cimc/f?p=CIMC:REPOWER:::::P6_REFERENCE::,https://ofmpub.epa.gov/frs_public2/fii_query_detail.disp_program_facility?p_registry_id=110067038280,https://cimc.epa.gov/ords/cimcf?p=CIMC:MAP:::::P71_GEOSEARCH:41.852717 -87.660426
INTERLAKE PROPERTY W H I,116TH & STONEY ISLAND,CHICAGO,IL,60617,COOK,ILD000810432,,,https://cumulis.epa.gov/supercpad/cursites/csitinfo.cfm?id=0500090,,,https://ordspub.epa.gov/ords/cimc/f?p=CIMC:REPOWER:::::P6_REFERENCE::,https://ofmpub.epa.gov/frs_public2/fii_query_detail.disp_program_facility?p_registry_id=110071101671,https://cimc.epa.gov/ords/cimcf?p=CIMC:MAP:::::P71_GEOSEARCH:41.721667 -87.535
CAMRAS SCHOOL MERCURY SPILL SITE,3000 N. MANGO AVE.,CHICAGO,IL,60634,COOK,ILN000508570,,,https://cumulis.epa.gov/supercpad/cursites/csitinfo.cfm?id=0508570,,,https://ordspub.epa.gov/ords/cimc/f?p=CIMC:REPOWER:::::P6_REFERENCE::,https://ofmpub.epa.gov/frs_public2/fii_query_detail.disp_program_facility?p_registry_id=110071101770,https://cimc.epa.gov/ords/cimcf?p=CIMC:MAP:::::P71_GEOSEARCH: 
PEOPLES GAS HOUGH PLACE STATION SITE,2500 South Corbett Street,CHICAGO,IL,60608,Cook,,,,,,http://www.epaosc.org/HoughPlace,,,https://cimc.epa.gov/ords/cimcf?p=CIMC:MAP:::::P71_GEOSEARCH:41.8469 -87.6503
O'HARE FIELD JET FUEL RELEASE,10000 W. O'hare Avenue,CHICAGO,IL,60666,COOK COUNTY,,,,,,http://www.epaosc.org/oharejetfuelrelease,,,https://cimc.epa.gov/ords/cimcf?p=CIMC:MAP:::::P71_GEOSEARCH:0 0
PEOPLES GAS PITNEY COURT STATION SITE,3052 Pitney Court,CHICAGO,IL,60608,Cook,,,,,,http://www.epaosc.org/PitneyCourt,,,https://cimc.epa.gov/ords/cimcf?p=CIMC:MAP:::::P71_GEOSEARCH:41.8375 -87.6625
DOUBLE A METALS,3321 S PULASKI RD,CHICAGO,IL,60623,COOK,ILD025352139,,,https://cumulis.epa.gov/supercpad/cursites/csitinfo.cfm?id=0507696,,,https://ordspub.epa.gov/ords/cimc/f?p=CIMC:REPOWER:::::P6_REFERENCE::,https://ofmpub.epa.gov/frs_public2/fii_query_detail.disp_program_facility?p_registry_id=110000888861,https://cimc.epa.gov/ords/cimcf?p=CIMC:MAP:::::P71_GEOSEARCH:41.833333 -87.723889
SACRAMENTO CRUSHING CORP,445 N. SACRAMENTO BLVD.,CHICAGO,IL,60612,COOK,,"https://cimc.epa.gov/ords/cimc/f?p=206:31::::31,0:P31_ID:13872",,,,,https://ordspub.epa.gov/ords/cimc/f?p=CIMC:REPOWER:::::P6_REFERENCE::,https://ofmpub.epa.gov/frs_public2/fii_query_detail.disp_program_facility?p_registry_id=110002390993,https://cimc.epa.gov/ords/cimcf?p=CIMC:MAP:::::P71_GEOSEARCH:41.88928 -87.70148
MARSHALL FARADAY CAMPUS PARK,3300-3312 W 5TH AVE,CHICAGO,IL,60624,COOK,,"https://cimc.epa.gov/ords/cimc/f?p=206:31::::31,0:P31_ID:15744",,,,,https://ordspub.epa.gov/ords/cimc/f?p=CIMC:REPOWER:::::P6_REFERENCE::35275,https://ofmpub.epa.gov/frs_public2/fii_query_detail.disp_program_facility?p_registry_id=110027985704,https://cimc.epa.gov/ords/cimcf?p=CIMC:MAP:::::P71_GEOSEARCH:41.87779 -87.70834
WOOD STREET URBAN FARM,5814 S WOOD ST,CHICAGO,IL,60636,COOK,,"https://cimc.epa.gov/ords/cimc/f?p=206:31::::31,0:P31_ID:161521",,,,,https://ordspub.epa.gov/ords/cimc/f?p=CIMC:REPOWER:::::P6_REFERENCE::39433,https://ofmpub.epa.gov/frs_public2/fii_query_detail.disp_program_facility?p_registry_id=110044961486,https://cimc.epa.gov/ords/cimcf?p=CIMC:MAP:::::P71_GEOSEARCH:41.78792 -87.66927
SANGAMON STREET RIGHT OF WAY,BNSF RIGHT OF WAY ALONG SANGAMON STREET RUNNING FR,CHICAGO,IL,60608,COOK,ILN000505581,,,https://cumulis.epa.gov/supercpad/cursites/csitinfo.cfm?id=0505581,,,https://ordspub.epa.gov/ords/cimc/f?p=CIMC:REPOWER:::::P6_REFERENCE::,https://ofmpub.epa.gov/frs_public2/fii_query_detail.disp_program_facility?p_registry_id=110067038342,https://cimc.epa.gov/ords/cimcf?p=CIMC:MAP:::::P71_GEOSEARCH:41.857963 -87.649817
BRONZEVILLE URBAN DEVELOPMENT,BRONZEVILLE NEIGHBORHOOD OF CHICAGO,CHICAGO,IL,60653,COOK,,"https://cimc.epa.gov/ords/cimc/f?p=206:31::::31,0:P31_ID:145703",,,,,https://ordspub.epa.gov/ords/cimc/f?p=CIMC:REPOWER:::::P6_REFERENCE::38852,https://ofmpub.epa.gov/frs_public2/fii_query_detail.disp_program_facility?p_registry_id=110046425481,https://cimc.epa.gov/ords/cimcf?p=CIMC:MAP:::::P71_GEOSEARCH:41.820267 -87.603826
CHINATOWN LIBRARY,2100 S. WENTWORTH AVE,CHICAGO,IL,60616,COOK,,"https://cimc.epa.gov/ords/cimc/f?p=206:31::::31,0:P31_ID:200601",,,,,https://ordspub.epa.gov/ords/cimc/f?p=CIMC:REPOWER:::::P6_REFERENCE::40655,https://ofmpub.epa.gov/frs_public2/fii_query_detail.disp_program_facility?p_registry_id=110067366861,https://cimc.epa.gov/ords/cimcf?p=CIMC:MAP:::::P71_GEOSEARCH:41.85432 -87.63182
1300 S. KILBOURN AVE TBA,1300 S. KILBOURN AVE,CHICAGO,IL,60623,COOK,,"https://cimc.epa.gov/ords/cimc/f?p=206:31::::31,0:P31_ID:233083",,,,,https://ordspub.epa.gov/ords/cimc/f?p=CIMC:REPOWER:::::P6_REFERENCE::41245,https://ofmpub.epa.gov/frs_public2/fii_query_detail.disp_program_facility?p_registry_id=110070069177,https://cimc.epa.gov/ords/cimcf?p=CIMC:MAP:::::P71_GEOSEARCH:41.86382 -87.73733
UNITED AIR CLEANERS,9705 COTTAGE GROVE,CHICAGO,IL,60628,COOK,ILD096798210,,,https://cumulis.epa.gov/supercpad/cursites/csitinfo.cfm?id=0507755,,,https://ordspub.epa.gov/ords/cimc/f?p=CIMC:REPOWER:::::P6_REFERENCE::,https://ofmpub.epa.gov/frs_public2/fii_query_detail.disp_program_facility?p_registry_id=110001821244,https://cimc.epa.gov/ords/cimcf?p=CIMC:MAP:::::P71_GEOSEARCH:41.71805 -87.603608
1800 N SPAULDING AVENUE,1800 N SPAULDING AVE,CHICAGO,IL,60647,COOK,,"https://cimc.epa.gov/ords/cimc/f?p=206:31::::31,0:P31_ID:160801",,,,,https://ordspub.epa.gov/ords/cimc/f?p=CIMC:REPOWER:::::P6_REFERENCE::39416,https://ofmpub.epa.gov/frs_public2/fii_query_detail.disp_program_facility?p_registry_id=110005814994,https://cimc.epa.gov/ords/cimcf?p=CIMC:MAP:::::P71_GEOSEARCH:41.91364 -87.71016
7501 SOUTH KEDZIE/76TH & ALBANY,7501 SOUTH KEDZIE/76TH & ALBANY,CHICAGO,IL,60652,COOK,IL0001406701,,,https://cumulis.epa.gov/supercpad/cursites/csitinfo.cfm?id=0507673,,,https://ordspub.epa.gov/ords/cimc/f?p=CIMC:REPOWER:::::P6_REFERENCE::,https://ofmpub.epa.gov/frs_public2/fii_query_detail.disp_program_facility?p_registry_id=110009279832,https://cimc.epa.gov/ords/cimcf?p=CIMC:MAP:::::P71_GEOSEARCH:41.755278 -87.703056
"CHICAGO SPECIALTIES, LLC",735 E 115TH ST-B,CHICAGO,IL,60628,COOK,ILD981091291,,https://ordspub.epa.gov/ords/cimc/f?p=CIMC:RCRA:::::P14_RCRA_HANDLER_ID:ILD981091291,,https://echo.epa.gov/detailed-facility-report?fid=110012283411,,https://ordspub.epa.gov/ords/cimc/f?p=CIMC:REPOWER:::::P6_REFERENCE::1041,https://ofmpub.epa.gov/frs_public2/fii_query_detail.disp_program_facility?p_registry_id=110012283411,https://cimc.epa.gov/ords/cimcf?p=CIMC:MAP:::::P71_GEOSEARCH:41.683333 -87.603639
VESSEL SLIPS ADJACENT TO WISCONSIN STEEL WORKS,SOUTH OF 106TH STREET,CHICAGO,IL,60617,COOK,ILN000508208,,,https://cumulis.epa.gov/supercpad/cursites/csitinfo.cfm?id=0508208,,,https://ordspub.epa.gov/ords/cimc/f?p=CIMC:REPOWER:::::P6_REFERENCE::,https://ofmpub.epa.gov/frs_public2/fii_query_detail.disp_program_facility?p_registry_id=110013803429,https://cimc.epa.gov/ords/cimcf?p=CIMC:MAP:::::P71_GEOSEARCH:41.708333 -87.55
BENNETT ST. HG,6714 S. BENNETT,CHICAGO,IL,60649,COOK,ILN000508144,,,https://cumulis.epa.gov/supercpad/cursites/csitinfo.cfm?id=0508144,,,https://ordspub.epa.gov/ords/cimc/f?p=CIMC:REPOWER:::::P6_REFERENCE::,https://ofmpub.epa.gov/frs_public2/fii_query_detail.disp_program_facility?p_registry_id=110013803848,https://cimc.epa.gov/ords/cimcf?p=CIMC:MAP:::::P71_GEOSEARCH:41.773056 -87.578889
LAKE CALUMET SMELTING,11901 S. CHAMPLAIN AVE.,CHICAGO,IL,60628,COOK,ILN000509228,,,https://cumulis.epa.gov/supercpad/cursites/csitinfo.cfm?id=0509228,,,https://ordspub.epa.gov/ords/cimc/f?p=CIMC:REPOWER:::::P6_REFERENCE::,https://ofmpub.epa.gov/frs_public2/fii_query_detail.disp_program_facility?p_registry_id=110020034274,https://cimc.epa.gov/ords/cimcf?p=CIMC:MAP:::::P71_GEOSEARCH:41.678096 -87.6064
2727 S TROY,2727 S TROY,CHICAGO,IL,60623,COOK,,"https://cimc.epa.gov/ords/cimc/f?p=206:31::::31,0:P31_ID:89681",,,,,https://ordspub.epa.gov/ords/cimc/f?p=CIMC:REPOWER:::::P6_REFERENCE::36428,https://ofmpub.epa.gov/frs_public2/fii_query_detail.disp_program_facility?p_registry_id=110032923282,https://cimc.epa.gov/ords/cimcf?p=CIMC:MAP:::::P71_GEOSEARCH:41.84164 -87.7037
ROOSEVELT AND CALIFORNIA,927 S CALIFORNIA AVE,CHICAGO,IL,60612,COOK,,"https://cimc.epa.gov/ords/cimc/f?p=206:31::::31,0:P31_ID:13889",,,,,https://ordspub.epa.gov/ords/cimc/f?p=CIMC:REPOWER:::::P6_REFERENCE::,https://ofmpub.epa.gov/frs_public2/fii_query_detail.disp_program_facility?p_registry_id=110039531441,https://cimc.epa.gov/ords/cimcf?p=CIMC:MAP:::::P71_GEOSEARCH:41.869911 -87.695985
TRINITY-IMANI VILLAGE,9659 SOUTH ELLIS AVENUE,CHICAGO,IL,60619,COOK,,"https://cimc.epa.gov/ords/cimc/f?p=206:31::::31,0:P31_ID:181441",,,,,https://ordspub.epa.gov/ords/cimc/f?p=CIMC:REPOWER:::::P6_REFERENCE::40329,https://ofmpub.epa.gov/frs_public2/fii_query_detail.disp_program_facility?p_registry_id=110063597317,https://cimc.epa.gov/ords/cimcf?p=CIMC:MAP:::::P71_GEOSEARCH:41.719824 -87.599511
WHITNEY YOUNG LIBRARY REPLACEMENT SITE 3,421-423 EAST 79TH STREET,CHICAGO,IL,60619,COOK,,"https://cimc.epa.gov/ords/cimc/f?p=206:31::::31,0:P31_ID:168024",,,,,https://ordspub.epa.gov/ords/cimc/f?p=CIMC:REPOWER:::::P6_REFERENCE::39727,https://ofmpub.epa.gov/frs_public2/fii_query_detail.disp_program_facility?p_registry_id=110063698761,https://cimc.epa.gov/ords/cimcf?p=CIMC:MAP:::::P71_GEOSEARCH:41.751116 -87.614031
915 E. 99TH STREET,915 E. 99TH STREET,CHICAGO,IL,60628,COOK COUNTY,,"https://cimc.epa.gov/ords/cimc/f?p=206:31::::31,0:P31_ID:224821",,,,,https://ordspub.epa.gov/ords/cimc/f?p=CIMC:REPOWER:::::P6_REFERENCE::41095,https://ofmpub.epa.gov/frs_public2/fii_query_detail.disp_program_facility?p_registry_id=110070004558,https://cimc.epa.gov/ords/cimcf?p=CIMC:MAP:::::P71_GEOSEARCH:41.714816 -87.601453
1311 SOUTH KILBOURN AVENUE,1311 SOUTH KILBOURN AVENUE,CHICAGO,IL,60623,COOK,,"https://cimc.epa.gov/ords/cimc/f?p=206:31::::31,0:P31_ID:235022",,,,,https://ordspub.epa.gov/ords/cimc/f?p=CIMC:REPOWER:::::P6_REFERENCE::41276,https://ofmpub.epa.gov/frs_public2/fii_query_detail.disp_program_facility?p_registry_id=110070149193,https://cimc.epa.gov/ords/cimcf?p=CIMC:MAP:::::P71_GEOSEARCH:41.863962 -87.737334
KLUCZYNSKI FEDERAL BUILDING,230 S. DEARBORN STREET,CHICAGO,IL,60604,COOK,ILN000510365,,,https://cumulis.epa.gov/supercpad/cursites/csitinfo.cfm?id=0510365,,,https://ordspub.epa.gov/ords/cimc/f?p=CIMC:REPOWER:::::P6_REFERENCE::,https://ofmpub.epa.gov/frs_public2/fii_query_detail.disp_program_facility?p_registry_id=110071101779,https://cimc.epa.gov/ords/cimcf?p=CIMC:MAP:::::P71_GEOSEARCH:41.878468 -87.629356
COTTAGE GROVE LANDFILL,WEST 138TH STREET & COTTAGE GROVE,CHICAGO,IL,60627,COOK,ILD980497747,,,https://cumulis.epa.gov/supercpad/cursites/csitinfo.cfm?id=0500549,,,https://ordspub.epa.gov/ords/cimc/f?p=CIMC:REPOWER:::::P6_REFERENCE::,https://ofmpub.epa.gov/frs_public2/fii_query_detail.disp_program_facility?p_registry_id=110071101852,https://cimc.epa.gov/ords/cimcf?p=CIMC:MAP:::::P71_GEOSEARCH:41.638889 -87.6
WOODLAWN AVENUE MERCURY,5405-5407 WOODLAWN AVE.,CHICAGO,IL,60615,COOK,ILN000520850,,,https://cumulis.epa.gov/supercpad/cursites/csitinfo.cfm?id=0520850,,,https://ordspub.epa.gov/ords/cimc/f?p=CIMC:REPOWER:::::P6_REFERENCE::,https://ofmpub.epa.gov/frs_public2/fii_query_detail.disp_program_facility?p_registry_id=110071102388,https://cimc.epa.gov/ords/cimcf?p=CIMC:MAP:::::P71_GEOSEARCH: 
PEOPLES GAS 22ND STREET STATION SITE,2200 South Racine Avenue,CHICAGO,IL,60608,Cook,,,,,,http://www.epaosc.org/22ndStreet,,,https://cimc.epa.gov/ords/cimcf?p=CIMC:MAP:::::P71_GEOSEARCH:41.8514 -87.6561
KINZIE STREET MYSTERY OIL SPILL,Kinzie Street and the Chicago River,CHICAGO,IL,60610,Cook,,,,,,http://www.epaosc.org/kinzieoilspill,,,https://cimc.epa.gov/ords/cimcf?p=CIMC:MAP:::::P71_GEOSEARCH:41.8892 -87.6392
LACROSSE STREET GASOLINE EMERGENCY RESPONSE,5128 S LACROSSE ST.,CHICAGO,IL,60638,COOK,ILSFN0508018,,,https://cumulis.epa.gov/supercpad/cursites/csitinfo.cfm?id=0508018,,,https://ordspub.epa.gov/ords/cimc/f?p=CIMC:REPOWER:::::P6_REFERENCE::,https://ofmpub.epa.gov/frs_public2/fii_query_detail.disp_program_facility?p_registry_id=110009258748,https://cimc.epa.gov/ords/cimcf?p=CIMC:MAP:::::P71_GEOSEARCH:41.799722 -87.744444
UNIVERSITY OF CHICAGO,6041 BLACKSTONE AVE,CHICAGO,IL,60637,COOK,ILD005421136,,https://ordspub.epa.gov/ords/cimc/f?p=CIMC:RCRA:::::P14_RCRA_HANDLER_ID:ILD005421136,,https://echo.epa.gov/detailed-facility-report?fid=110018264929,,https://ordspub.epa.gov/ords/cimc/f?p=CIMC:REPOWER:::::P6_REFERENCE::960,https://ofmpub.epa.gov/frs_public2/fii_query_detail.disp_program_facility?p_registry_id=110018264929,https://cimc.epa.gov/ords/cimcf?p=CIMC:MAP:::::P71_GEOSEARCH:41.784573 -87.59031
RONAN PARK EXPANSION - 2954 W LAWRENCE,2954 W. LAWRENCE,CHICAGO,IL,60625,COOK,,"https://cimc.epa.gov/ords/cimc/f?p=206:31::::31,0:P31_ID:85461",,,,,https://ordspub.epa.gov/ords/cimc/f?p=CIMC:REPOWER:::::P6_REFERENCE::36269,https://ofmpub.epa.gov/frs_public2/fii_query_detail.disp_program_facility?p_registry_id=110038737258,https://cimc.epa.gov/ords/cimcf?p=CIMC:MAP:::::P71_GEOSEARCH:41.9685 -87.70329
BRUCO CO,1416 WEST 12TH STREET (ROOSEVELT ROAD),CHICAGO,IL,60608,COOK,ILP000510790,,,https://cumulis.epa.gov/supercpad/cursites/csitinfo.cfm?id=0510790,,,https://ordspub.epa.gov/ords/cimc/f?p=CIMC:REPOWER:::::P6_REFERENCE::,https://ofmpub.epa.gov/frs_public2/fii_query_detail.disp_program_facility?p_registry_id=110046353487,https://cimc.epa.gov/ords/cimcf?p=CIMC:MAP:::::P71_GEOSEARCH:41.865669 -87.69177
832 S. KILPATRICK,832 S. KILPATRICK,CHICAGO,IL,60644,COOK COUNTY,,"https://cimc.epa.gov/ords/cimc/f?p=206:31::::31,0:P31_ID:224861",,,,,https://ordspub.epa.gov/ords/cimc/f?p=CIMC:REPOWER:::::P6_REFERENCE::41096,https://ofmpub.epa.gov/frs_public2/fii_query_detail.disp_program_facility?p_registry_id=110070004559,https://cimc.epa.gov/ords/cimcf?p=CIMC:MAP:::::P71_GEOSEARCH:41.870183 -87.742447
THROOP ST INLET,2401 S THROOP ST,CHICAGO,IL,60608,COOK,,"https://cimc.epa.gov/ords/cimc/f?p=206:31::::31,0:P31_ID:236529",,,,,https://ordspub.epa.gov/ords/cimc/f?p=CIMC:REPOWER:::::P6_REFERENCE::,https://ofmpub.epa.gov/frs_public2/fii_query_detail.disp_program_facility?p_registry_id=110070225945,https://cimc.epa.gov/ords/cimcf?p=CIMC:MAP:::::P71_GEOSEARCH:41.84885 -87.65859
ECONOMY PLATING INC (CHICAGO),2340-50 NORTH ELSTON AVE,CHICAGO,IL,60614,COOK,ILN000510347,,,https://cumulis.epa.gov/supercpad/cursites/csitinfo.cfm?id=0510347,,,https://ordspub.epa.gov/ords/cimc/f?p=CIMC:REPOWER:::::P6_REFERENCE::,https://ofmpub.epa.gov/frs_public2/fii_query_detail.disp_program_facility?p_registry_id=110071101777,https://cimc.epa.gov/ords/cimcf?p=CIMC:MAP:::::P71_GEOSEARCH:41.924152 -87.676624
CRAWFORD ELECTRIC GENERATING STATION,3501 SOUTH PULASKI ROAD,CHICAGO,IL,60623,COOK,ILN000510878,,,https://cumulis.epa.gov/supercpad/cursites/csitinfo.cfm?id=0510878,,,https://ordspub.epa.gov/ords/cimc/f?p=CIMC:REPOWER:::::P6_REFERENCE::,https://ofmpub.epa.gov/frs_public2/fii_query_detail.disp_program_facility?p_registry_id=110000434717,https://cimc.epa.gov/ords/cimcf?p=CIMC:MAP:::::P71_GEOSEARCH: 
INGERSOLL PRODUCTS,1000 W. 120TH ST.,CHICAGO,IL,60643,COOK,ILN000510053,,,https://cumulis.epa.gov/supercpad/cursites/csitinfo.cfm?id=0510053,,,https://ordspub.epa.gov/ords/cimc/f?p=CIMC:REPOWER:::::P6_REFERENCE::,https://ofmpub.epa.gov/frs_public2/fii_query_detail.disp_program_facility?p_registry_id=110000435618,https://cimc.epa.gov/ords/cimcf?p=CIMC:MAP:::::P71_GEOSEARCH:41.67638 -87.64694
VALSPAR CORP,1330 S KILBOURN AVE,CHICAGO,IL,60623,COOK,ILD081040107,,https://ordspub.epa.gov/ords/cimc/f?p=CIMC:RCRA:::::P14_RCRA_HANDLER_ID:ILD081040107,https://cumulis.epa.gov/supercpad/cursites/csitinfo.cfm?id=0506439,https://echo.epa.gov/detailed-facility-report?fid=110000612604,,https://ordspub.epa.gov/ords/cimc/f?p=CIMC:REPOWER:::::P6_REFERENCE::1016,https://ofmpub.epa.gov/frs_public2/fii_query_detail.disp_program_facility?p_registry_id=110000612604,https://cimc.epa.gov/ords/cimcf?p=CIMC:MAP:::::P71_GEOSEARCH:41.863594 -87.737324
CLEAN HARBORS SERVICES INC,11800 SOUTH STONY ISLAND AVENUE,CHICAGO,IL,60617,COOK,ILD000608471,,https://ordspub.epa.gov/ords/cimc/f?p=CIMC:RCRA:::::P14_RCRA_HANDLER_ID:ILD000608471,,https://echo.epa.gov/detailed-facility-report?fid=110000544386,,https://ordspub.epa.gov/ords/cimc/f?p=CIMC:REPOWER:::::P6_REFERENCE::913,https://ofmpub.epa.gov/frs_public2/fii_query_detail.disp_program_facility?p_registry_id=110000544386,https://cimc.epa.gov/ords/cimcf?p=CIMC:MAP:::::P71_GEOSEARCH:41.682606 -87.576276
CHICAGO MODERN PLATING COMPANY,3029 N ROCKWELL,CHICAGO,IL,60618,COOK,ILD005125794,,,https://cumulis.epa.gov/supercpad/cursites/csitinfo.cfm?id=0506405,,,https://ordspub.epa.gov/ords/cimc/f?p=CIMC:REPOWER:::::P6_REFERENCE::,https://ofmpub.epa.gov/frs_public2/fii_query_detail.disp_program_facility?p_registry_id=110001292912,https://cimc.epa.gov/ords/cimcf?p=CIMC:MAP:::::P71_GEOSEARCH:41.935 -87.692778
CLEAN HARBORS,11700 S STONY ISLAND AVE,CHICAGO,IL,60617,COOK,ILD000672121,,https://ordspub.epa.gov/ords/cimc/f?p=CIMC:RCRA:::::P14_RCRA_HANDLER_ID:ILD000672121,,https://echo.epa.gov/detailed-facility-report?fid=110000749628,,https://ordspub.epa.gov/ords/cimc/f?p=CIMC:REPOWER:::::P6_REFERENCE::917,https://ofmpub.epa.gov/frs_public2/fii_query_detail.disp_program_facility?p_registry_id=110000749628,https://cimc.epa.gov/ords/cimcf?p=CIMC:MAP:::::P71_GEOSEARCH:41.68106 -87.57546
MIDWEST FOLDING PRODUCTS,1414 S. WESTERN AVENUE,CHICAGO,IL,60608,COOK,,"https://cimc.epa.gov/ords/cimc/f?p=206:31::::31,0:P31_ID:13874",,,,,https://ordspub.epa.gov/ords/cimc/f?p=CIMC:REPOWER:::::P6_REFERENCE::,https://ofmpub.epa.gov/frs_public2/fii_query_detail.disp_program_facility?p_registry_id=110001683991,https://cimc.epa.gov/ords/cimcf?p=CIMC:MAP:::::P71_GEOSEARCH:41.86221 -87.68685
AMERICAN PLATING SITE,1820 W LAKE ST,CHICAGO,IL,60612,COOK,IL0001172642,,,https://cumulis.epa.gov/supercpad/cursites/csitinfo.cfm?id=0507639,,,https://ordspub.epa.gov/ords/cimc/f?p=CIMC:REPOWER:::::P6_REFERENCE::,https://ofmpub.epa.gov/frs_public2/fii_query_detail.disp_program_facility?p_registry_id=110005808518,https://cimc.epa.gov/ords/cimcf?p=CIMC:MAP:::::P71_GEOSEARCH:41.885278 -87.673333
INTERNATIONAL HARVESTER,1015 W 120TH ST,CHICAGO,IL,60643,COOK,ILD005213285,,,https://cumulis.epa.gov/supercpad/cursites/csitinfo.cfm?id=0500184,,,https://ordspub.epa.gov/ords/cimc/f?p=CIMC:REPOWER:::::P6_REFERENCE::,https://ofmpub.epa.gov/frs_public2/fii_query_detail.disp_program_facility?p_registry_id=110005816377,https://cimc.epa.gov/ords/cimcf?p=CIMC:MAP:::::P71_GEOSEARCH:41.675833 -87.649167
CHICAGO BOARD OF EDUCATION,1819 W PERSHING RD,CHICAGO,IL,60609,COOK,,"https://cimc.epa.gov/ords/cimc/f?p=206:31::::31,0:P31_ID:13879",,,,,https://ordspub.epa.gov/ords/cimc/f?p=CIMC:REPOWER:::::P6_REFERENCE::,https://ofmpub.epa.gov/frs_public2/fii_query_detail.disp_program_facility?p_registry_id=110005844364,https://cimc.epa.gov/ords/cimcf?p=CIMC:MAP:::::P71_GEOSEARCH:41.823171 -87.670864
US DRUM,135TH & HOXIE,CHICAGO,IL,60633,COOK,ILD980679401,,,https://cumulis.epa.gov/supercpad/cursites/csitinfo.cfm?id=0500725,,,https://ordspub.epa.gov/ords/cimc/f?p=CIMC:REPOWER:::::P6_REFERENCE::,https://ofmpub.epa.gov/frs_public2/fii_query_detail.disp_program_facility?p_registry_id=110009283177,https://cimc.epa.gov/ords/cimcf?p=CIMC:MAP:::::P71_GEOSEARCH:41.650278 -87.559722
MSD #4 SLUDGE & BARREL DUMP,SOUTH OF 122ND & W OF TORRENCE,CHICAGO,IL,60633,COOK,ILD980498349,,,https://cumulis.epa.gov/supercpad/cursites/csitinfo.cfm?id=0500573,,,https://ordspub.epa.gov/ords/cimc/f?p=CIMC:REPOWER:::::P6_REFERENCE::,https://ofmpub.epa.gov/frs_public2/fii_query_detail.disp_program_facility?p_registry_id=110009283266,https://cimc.epa.gov/ords/cimcf?p=CIMC:MAP:::::P71_GEOSEARCH:41.6725 -87.572222
CHICAGO DRUMS,4326 WEST 18TH STREET,CHICAGO,IL,60623,COOK,ILD982071847,,,https://cumulis.epa.gov/supercpad/cursites/csitinfo.cfm?id=0505613,,,https://ordspub.epa.gov/ords/cimc/f?p=CIMC:REPOWER:::::P6_REFERENCE::,https://ofmpub.epa.gov/frs_public2/fii_query_detail.disp_program_facility?p_registry_id=110009283765,https://cimc.epa.gov/ords/cimcf?p=CIMC:MAP:::::P71_GEOSEARCH:41.856944 -87.733611
AVENUE O & 118TH STREET,AVE O & 118TH ST,CHICAGO,IL,60617,COOK,ILD981194087,,,https://cumulis.epa.gov/supercpad/cursites/csitinfo.cfm?id=0501056,,,https://ordspub.epa.gov/ords/cimc/f?p=CIMC:REPOWER:::::P6_REFERENCE::,https://ofmpub.epa.gov/frs_public2/fii_query_detail.disp_program_facility?p_registry_id=110009283783,https://cimc.epa.gov/ords/cimcf?p=CIMC:MAP:::::P71_GEOSEARCH:41.681667 -87.54
PEOPLES ENERGY MERCURY SPILLS,130 EAST RANDOLPH,CHICAGO,IL,60601,COOK,ILN000508083,,,https://cumulis.epa.gov/supercpad/cursites/csitinfo.cfm?id=0508083,,,https://ordspub.epa.gov/ords/cimc/f?p=CIMC:REPOWER:::::P6_REFERENCE::,https://ofmpub.epa.gov/frs_public2/fii_query_detail.disp_program_facility?p_registry_id=110009331400,https://cimc.epa.gov/ords/cimcf?p=CIMC:MAP:::::P71_GEOSEARCH:41.884444 -87.623611
VESSEL SLIPS ADJACENT TO UNITED STATES STEEL,3426 EAST 89TH STREET,CHICAGO,IL,60617,COOK,ILN000508209,,,https://cumulis.epa.gov/supercpad/cursites/csitinfo.cfm?id=0508209,,,https://ordspub.epa.gov/ords/cimc/f?p=CIMC:REPOWER:::::P6_REFERENCE::,https://ofmpub.epa.gov/frs_public2/fii_query_detail.disp_program_facility?p_registry_id=110013803438,https://cimc.epa.gov/ords/cimcf?p=CIMC:MAP:::::P71_GEOSEARCH:41.74166 -87.59166
WILBUR WRIGHT COLLEGE,4300 N NARRAGANSETT,CHICAGO,IL,60634,COOK,ILN000510172,,,https://cumulis.epa.gov/supercpad/cursites/csitinfo.cfm?id=0510172,,,https://ordspub.epa.gov/ords/cimc/f?p=CIMC:REPOWER:::::P6_REFERENCE::,https://ofmpub.epa.gov/frs_public2/fii_query_detail.disp_program_facility?p_registry_id=110018153282,https://cimc.epa.gov/ords/cimcf?p=CIMC:MAP:::::P71_GEOSEARCH:41.958178 -87.786613
PEOPLES GAS PITNEY COURT FORMER MGP,3052 PITNEY COURT,CHICAGO,IL,60608,COOK,ILN000510196,,,https://cumulis.epa.gov/supercpad/cursites/csitinfo.cfm?id=0510196,,,https://ordspub.epa.gov/ords/cimc/f?p=CIMC:REPOWER:::::P6_REFERENCE::81603,https://ofmpub.epa.gov/frs_public2/fii_query_detail.disp_program_facility?p_registry_id=110030434377,https://cimc.epa.gov/ords/cimcf?p=CIMC:MAP:::::P71_GEOSEARCH:41.837803 -87.662519
FORMER AMFORGE FACILITY,1250 W. 119TH STREET,CHICAGO,IL,60643,COOK,,"https://cimc.epa.gov/ords/cimc/f?p=206:31::::31,0:P31_ID:27681",,,,,https://ordspub.epa.gov/ords/cimc/f?p=CIMC:REPOWER:::::P6_REFERENCE::35447,https://ofmpub.epa.gov/frs_public2/fii_query_detail.disp_program_facility?p_registry_id=110038710883,https://cimc.epa.gov/ords/cimcf?p=CIMC:MAP:::::P71_GEOSEARCH:41.677662 -87.65291
I-55/CICERO AVENUE,CICERO AVENUE AND 43RD ST.,CHICAGO,IL,60632,COOK,,"https://cimc.epa.gov/ords/cimc/f?p=206:31::::31,0:P31_ID:13873",,,,,https://ordspub.epa.gov/ords/cimc/f?p=CIMC:REPOWER:::::P6_REFERENCE::,https://ofmpub.epa.gov/frs_public2/fii_query_detail.disp_program_facility?p_registry_id=110039531156,https://cimc.epa.gov/ords/cimcf?p=CIMC:MAP:::::P71_GEOSEARCH:41.8149 -87.74327
BRONZEVILLE,707-755 E 40TH ST,CHICAGO,IL,60653,COOK,,"https://cimc.epa.gov/ords/cimc/f?p=206:31::::31,0:P31_ID:13888",,,,,https://ordspub.epa.gov/ords/cimc/f?p=CIMC:REPOWER:::::P6_REFERENCE::,https://ofmpub.epa.gov/frs_public2/fii_query_detail.disp_program_facility?p_registry_id=110039531414,https://cimc.epa.gov/ords/cimcf?p=CIMC:MAP:::::P71_GEOSEARCH:41.821443 -87.609534
SOUTH CHICAGO PARK,90TH ST AND MACKINAW AVE,CHICAGO,IL,60617,COOK,,"https://cimc.epa.gov/ords/cimc/f?p=206:31::::31,0:P31_ID:13895",,,,,https://ordspub.epa.gov/ords/cimc/f?p=CIMC:REPOWER:::::P6_REFERENCE::,https://ofmpub.epa.gov/frs_public2/fii_query_detail.disp_program_facility?p_registry_id=110039531584,https://cimc.epa.gov/ords/cimcf?p=CIMC:MAP:::::P71_GEOSEARCH:41.73201 -87.54293
TSA O'HARE TERMINAL CHICAGO,10000 BESSIE COLEMAN DRIVE,CHICAGO,IL,60666,COOK,ILN000510515,,,https://cumulis.epa.gov/supercpad/cursites/csitinfo.cfm?id=0510515,,,https://ordspub.epa.gov/ords/cimc/f?p=CIMC:REPOWER:::::P6_REFERENCE::,https://ofmpub.epa.gov/frs_public2/fii_query_detail.disp_program_facility?p_registry_id=110042304191,https://cimc.epa.gov/ords/cimcf?p=CIMC:MAP:::::P71_GEOSEARCH:41.988714 -87.885303
KIMBALL AVENUE PARK,1807-15 NORTH KIMBALL AVENUE,CHICAGO,IL,60602,COOK,,"https://cimc.epa.gov/ords/cimc/f?p=206:31::::31,0:P31_ID:164101",,,,,https://ordspub.epa.gov/ords/cimc/f?p=CIMC:REPOWER:::::P6_REFERENCE::39558,https://ofmpub.epa.gov/frs_public2/fii_query_detail.disp_program_facility?p_registry_id=110055264217,https://cimc.epa.gov/ords/cimcf?p=CIMC:MAP:::::P71_GEOSEARCH:41.914034 -87.711776
EAST PILSEN SOIL,1100 W. 19TH ST: (APPROXIMATE CENTER OF 150 ACRES),CHICAGO,IL,60608,COOK,ILN000506193,,,https://cumulis.epa.gov/supercpad/cursites/csitinfo.cfm?id=0506193,,,https://ordspub.epa.gov/ords/cimc/f?p=CIMC:REPOWER:::::P6_REFERENCE::,https://ofmpub.epa.gov/frs_public2/fii_query_detail.disp_program_facility?p_registry_id=110071101768,https://cimc.epa.gov/ords/cimcf?p=CIMC:MAP:::::P71_GEOSEARCH:41.856652 -87.653184
PAXTON LANDFILL CORPORATION,116TH STREET & PAXTON AVENUE,CHICAGO,IL,60633,COOK,ILD069498186,,,https://cumulis.epa.gov/supercpad/cursites/csitinfo.cfm?id=0500438,,,https://ordspub.epa.gov/ords/cimc/f?p=CIMC:REPOWER:::::P6_REFERENCE::,https://ofmpub.epa.gov/frs_public2/fii_query_detail.disp_program_facility?p_registry_id=110071101846,https://cimc.epa.gov/ords/cimcf?p=CIMC:MAP:::::P71_GEOSEARCH:41.683333 -87.566667
SOUTH KOLMAR ABANDONED TRAILER ER,1119 S KOLMAR AVE,CHICAGO,IL,60624,COOK,ILR000209387,,,https://cumulis.epa.gov/supercpad/cursites/csitinfo.cfm?id=0520815,,,https://ordspub.epa.gov/ords/cimc/f?p=CIMC:REPOWER:::::P6_REFERENCE::,https://ofmpub.epa.gov/frs_public2/fii_query_detail.disp_program_facility?p_registry_id=110071102387,https://cimc.epa.gov/ords/cimcf?p=CIMC:MAP:::::P71_GEOSEARCH: 
PILSEN SOIL OU1 RAILROAD SPUR AND ALLEY SITE,1345 W. 21st Street (adjacent to address),CHICAGO,IL,60608,Cook,,,,,,http://www.epaosc.org/PilsenSoilOU1RailroadAlley,,,https://cimc.epa.gov/ords/cimcf?p=CIMC:MAP:::::P71_GEOSEARCH:41.853594 -87.661008
U.S. SCRAP,12300 S. Cottage Grove Ave/12301 S. King Drive,CHICAGO,IL,60628,Cook,,,,,,http://www.epaosc.org/USScrap,,,https://cimc.epa.gov/ords/cimcf?p=CIMC:MAP:::::P71_GEOSEARCH:41.67 -87.6036
LITTLE CALUMET RIVER DRUM,130th/State Street,CHICAGO,IL,,Cook,,,,,,http://www.epaosc.org/LittleCalumetRiverDrum,,,https://cimc.epa.gov/ords/cimcf?p=CIMC:MAP:::::P71_GEOSEARCH:41.6631 -87.6217
WRIGHT COLLEGE HG SPILL,4300 N. Narragansett Avenue,CHICAGO,IL,60634,Cook,,,,,,http://www.epaosc.org/wrightcollegeHgspill,,,https://cimc.epa.gov/ords/cimcf?p=CIMC:MAP:::::P71_GEOSEARCH:41.9597 -87.7869
LOEWENTHAL METALS,947 West Cullerton,CHICAGO,IL,60604,Cook,,,,,,http://www.epaosc.org/loewenthalmetals,,,https://cimc.epa.gov/ords/cimcf?p=CIMC:MAP:::::P71_GEOSEARCH:41.85527 -87.649871
76TH AND ALBANY,76th and Albany,CHICAGO,IL,,Cook,,,,,,http://www.epaosc.org/76thandalbany,,,https://cimc.epa.gov/ords/cimcf?p=CIMC:MAP:::::P71_GEOSEARCH:41.7556 -87.7022
RELIABLE PLATING CORPORATION,1514 West Lake St,CHICAGO,IL,60607,Cook,,,,,,http://www.epaosc.org/reliableplating,,,https://cimc.epa.gov/ords/cimcf?p=CIMC:MAP:::::P71_GEOSEARCH:41.885388 -87.665092
PEOPLES GAS LIGHT & COKE - 22ND ST,2200 SOUTH RACINE & CERMAK,CHICAGO,IL,60608,COOK,ILD982074767,,,https://cumulis.epa.gov/supercpad/cursites/csitinfo.cfm?id=0505489,,,https://ordspub.epa.gov/ords/cimc/f?p=CIMC:REPOWER:::::P6_REFERENCE::81598,https://ofmpub.epa.gov/frs_public2/fii_query_detail.disp_program_facility?p_registry_id=110009283612,https://cimc.epa.gov/ords/cimcf?p=CIMC:MAP:::::P71_GEOSEARCH:41.852778 -87.656111
3701 W. OGDAN,3701 W. OGDAN,CHICAGO,IL,60623,COOK,,"https://cimc.epa.gov/ords/cimc/f?p=206:31::::31,0:P31_ID:13882",,,,,https://ordspub.epa.gov/ords/cimc/f?p=CIMC:REPOWER:::::P6_REFERENCE::,https://ofmpub.epa.gov/frs_public2/fii_query_detail.disp_program_facility?p_registry_id=110039545203,https://cimc.epa.gov/ords/cimcf?p=CIMC:MAP:::::P71_GEOSEARCH:41.85339 -87.7179
951 W. HURON,951 W. HURON,CHICAGO,IL,60642,COOK,,"https://cimc.epa.gov/ords/cimc/f?p=206:31::::31,0:P31_ID:144453",,,,,https://ordspub.epa.gov/ords/cimc/f?p=CIMC:REPOWER:::::P6_REFERENCE::38808,https://ofmpub.epa.gov/frs_public2/fii_query_detail.disp_program_facility?p_registry_id=110054146606,https://cimc.epa.gov/ords/cimcf?p=CIMC:MAP:::::P71_GEOSEARCH:41.89501 -87.65208
DAVID CHEMICAL SITE US EPA CO,4650 W 5TH AVE,CHICAGO,IL,60644,COOK COUNTY,IL0000382119,,,https://cumulis.epa.gov/supercpad/cursites/csitinfo.cfm?id=0507535,,,https://ordspub.epa.gov/ords/cimc/f?p=CIMC:REPOWER:::::P6_REFERENCE::,https://ofmpub.epa.gov/frs_public2/fii_query_detail.disp_program_facility?p_registry_id=110068070143,https://cimc.epa.gov/ords/cimcf?p=CIMC:MAP:::::P71_GEOSEARCH:41.868611 -87.740833
"SHERWIN WILLIAMS COMPANY, THE",11541 SOUTH CHAMPLAIN AVENUE,CHICAGO,IL,60628,COOK,ILD005456439,,https://ordspub.epa.gov/ords/cimc/f?p=CIMC:RCRA:::::P14_RCRA_HANDLER_ID:ILD005456439,https://cumulis.epa.gov/supercpad/cursites/csitinfo.cfm?id=0500202,https://echo.epa.gov/detailed-facility-report?fid=110000434913,,https://ordspub.epa.gov/ords/cimc/f?p=CIMC:REPOWER:::::P6_REFERENCE::963,https://ofmpub.epa.gov/frs_public2/fii_query_detail.disp_program_facility?p_registry_id=110000434913,https://cimc.epa.gov/ords/cimcf?p=CIMC:MAP:::::P71_GEOSEARCH:41.684283 -87.607018
LIQUID DYNAMICS,655 E 114TH ST,CHICAGO,IL,60628,COOK,ILD980824882,,,https://cumulis.epa.gov/supercpad/cursites/csitinfo.cfm?id=0500766,,,https://ordspub.epa.gov/ords/cimc/f?p=CIMC:REPOWER:::::P6_REFERENCE::,https://ofmpub.epa.gov/frs_public2/fii_query_detail.disp_program_facility?p_registry_id=110000612560,https://cimc.epa.gov/ords/cimcf?p=CIMC:MAP:::::P71_GEOSEARCH:41.686944 -87.606944
US GOVERNMENT DEA,1716 W PERISHING RD,CHICAGO,IL,60609,COOK,ILR000038166,,,https://cumulis.epa.gov/supercpad/cursites/csitinfo.cfm?id=0507843,,,https://ordspub.epa.gov/ords/cimc/f?p=CIMC:REPOWER:::::P6_REFERENCE::,https://ofmpub.epa.gov/frs_public2/fii_query_detail.disp_program_facility?p_registry_id=110005955403,https://cimc.epa.gov/ords/cimcf?p=CIMC:MAP:::::P71_GEOSEARCH:41.823689 -87.668697
SUN MACHINE PARTS,10655 TORRENCE AVENUE,CHICAGO,IL,60617,COOK,ILD001994722,,,https://cumulis.epa.gov/supercpad/cursites/csitinfo.cfm?id=0507728,,,https://ordspub.epa.gov/ords/cimc/f?p=CIMC:REPOWER:::::P6_REFERENCE::,https://ofmpub.epa.gov/frs_public2/fii_query_detail.disp_program_facility?p_registry_id=110009282695,https://cimc.epa.gov/ords/cimcf?p=CIMC:MAP:::::P71_GEOSEARCH:41.703611 -87.559444
A CHEMICAL COMPANY,1326 NORTH WESTERN AVENUE,CHICAGO,IL,60622,COOK,ILD981952534,,,https://cumulis.epa.gov/supercpad/cursites/csitinfo.cfm?id=0501097,,,https://ordspub.epa.gov/ords/cimc/f?p=CIMC:REPOWER:::::P6_REFERENCE::,https://ofmpub.epa.gov/frs_public2/fii_query_detail.disp_program_facility?p_registry_id=110009283845,https://cimc.epa.gov/ords/cimcf?p=CIMC:MAP:::::P71_GEOSEARCH:41.905556 -87.6875
FORRESTVILLE MERCURY SPILL,FORRESTVILLE AVE & 43RD ST.,CHICAGO,IL,60653,COOK,ILN000508131,,,https://cumulis.epa.gov/supercpad/cursites/csitinfo.cfm?id=0508131,,,https://ordspub.epa.gov/ords/cimc/f?p=CIMC:REPOWER:::::P6_REFERENCE::,https://ofmpub.epa.gov/frs_public2/fii_query_detail.disp_program_facility?p_registry_id=110009284087,https://cimc.epa.gov/ords/cimcf?p=CIMC:MAP:::::P71_GEOSEARCH:41.816389 -87.613056
MAY FIELD MERCURY SITE,6152 S. MAY FIELD,CHICAGO,IL,60638,COOK,ILN000508171,,,https://cumulis.epa.gov/supercpad/cursites/csitinfo.cfm?id=0508171,,,https://ordspub.epa.gov/ords/cimc/f?p=CIMC:REPOWER:::::P6_REFERENCE::,https://ofmpub.epa.gov/frs_public2/fii_query_detail.disp_program_facility?p_registry_id=110013803900,https://cimc.epa.gov/ords/cimcf?p=CIMC:MAP:::::P71_GEOSEARCH:41.780556 -87.769167
THE LINDSAY LIGHT COMPANY,161 EAST GRAND AVE,CHICAGO,IL,60611,COOK,ILN000509092,,,https://cumulis.epa.gov/supercpad/cursites/csitinfo.cfm?id=0509092,,,https://ordspub.epa.gov/ords/cimc/f?p=CIMC:REPOWER:::::P6_REFERENCE::,https://ofmpub.epa.gov/frs_public2/fii_query_detail.disp_program_facility?p_registry_id=110017352452,https://cimc.epa.gov/ords/cimcf?p=CIMC:MAP:::::P71_GEOSEARCH:41.89186 -87.623449
SOUTH GREENWOOD AVENUE SITE,8849-59 SOUTH GREENWOOD AVENUE,CHICAGO,IL,60619,COOK,ILN000510239,,,https://cumulis.epa.gov/supercpad/cursites/csitinfo.cfm?id=0510239,,,https://ordspub.epa.gov/ords/cimc/f?p=CIMC:REPOWER:::::P6_REFERENCE::,https://ofmpub.epa.gov/frs_public2/fii_query_detail.disp_program_facility?p_registry_id=110032630133,https://cimc.epa.gov/ords/cimcf?p=CIMC:MAP:::::P71_GEOSEARCH:41.734272 -87.597343
BOYCE PARK,4174 S UNION AVE,CHICAGO,IL,60609,COOK,,"https://cimc.epa.gov/ords/cimc/f?p=206:31::::31,0:P31_ID:13887",,,,,https://ordspub.epa.gov/ords/cimc/f?p=CIMC:REPOWER:::::P6_REFERENCE::,https://ofmpub.epa.gov/frs_public2/fii_query_detail.disp_program_facility?p_registry_id=110037387994,https://cimc.epa.gov/ords/cimcf?p=CIMC:MAP:::::P71_GEOSEARCH:41.819116 -87.643364
9705 S. COTTAGE GROVE,9705 S. COTTAGE GROVE,CHICAGO,IL,60628,COOK,,"https://cimc.epa.gov/ords/cimc/f?p=206:31::::31,0:P31_ID:88281",,,,,https://ordspub.epa.gov/ords/cimc/f?p=CIMC:REPOWER:::::P6_REFERENCE::36415,https://ofmpub.epa.gov/frs_public2/fii_query_detail.disp_program_facility?p_registry_id=110038737276,https://cimc.epa.gov/ords/cimcf?p=CIMC:MAP:::::P71_GEOSEARCH:41.71797 -87.604118
SCOTT PETERSON MEATS,4532-52 WEST ADAMS STREET,CHICAGO,IL,60624,COOK,,"https://cimc.epa.gov/ords/cimc/f?p=206:31::::31,0:P31_ID:13881",,,,,https://ordspub.epa.gov/ords/cimc/f?p=CIMC:REPOWER:::::P6_REFERENCE::,https://ofmpub.epa.gov/frs_public2/fii_query_detail.disp_program_facility?p_registry_id=110039544874,https://cimc.epa.gov/ords/cimcf?p=CIMC:MAP:::::P71_GEOSEARCH:41.877758 -87.738686
PARK BOULEVARD,3600-3640 SOUTH STATE STREET,CHICAGO,IL,60609,COOK,,"https://cimc.epa.gov/ords/cimc/f?p=206:31::::31,0:P31_ID:139344",,,,,https://ordspub.epa.gov/ords/cimc/f?p=CIMC:REPOWER:::::P6_REFERENCE::38662,https://ofmpub.epa.gov/frs_public2/fii_query_detail.disp_program_facility?p_registry_id=110046368480,https://cimc.epa.gov/ords/cimcf?p=CIMC:MAP:::::P71_GEOSEARCH:41.82923 -87.62651
40TH PLACE AND WALLACE,4007 S WALLACE ST,CHICAGO,IL,60609,COOK,,"https://cimc.epa.gov/ords/cimc/f?p=206:31::::31,0:P31_ID:144446",,,,,https://ordspub.epa.gov/ords/cimc/f?p=CIMC:REPOWER:::::P6_REFERENCE::38801,https://ofmpub.epa.gov/frs_public2/fii_query_detail.disp_program_facility?p_registry_id=110054146599,https://cimc.epa.gov/ords/cimcf?p=CIMC:MAP:::::P71_GEOSEARCH:41.82108 -87.64098
WEST HOLLYWOOD MERCURY SPILL,4355 W. HOLLYWOOD,CHICAGO,IL,60646,COOK,ILN000504748,,,https://cumulis.epa.gov/supercpad/cursites/csitinfo.cfm?id=0504748,,,https://ordspub.epa.gov/ords/cimc/f?p=CIMC:REPOWER:::::P6_REFERENCE::,https://ofmpub.epa.gov/frs_public2/fii_query_detail.disp_program_facility?p_registry_id=110067038299,https://cimc.epa.gov/ords/cimcf?p=CIMC:MAP:::::P71_GEOSEARCH:41.984254 -87.738035
CHICAGO RIVER MYSTERY SHEEN,SOUTH WACKER DRIVE BETWEEN WEST ADAMS,CHICAGO,IL,60604,COOK,ILN000510727,,,https://cumulis.epa.gov/supercpad/cursites/csitinfo.cfm?id=0510727,,,https://ordspub.epa.gov/ords/cimc/f?p=CIMC:REPOWER:::::P6_REFERENCE::,https://ofmpub.epa.gov/frs_public2/fii_query_detail.disp_program_facility?p_registry_id=110067350814,https://cimc.epa.gov/ords/cimcf?p=CIMC:MAP:::::P71_GEOSEARCH:41.878336 -87.637502
FOCAL POINT,3250 S. KEDZIE AVENUE,CHICAGO,IL,60632,COOK COUNTY,,"https://cimc.epa.gov/ords/cimc/f?p=206:31::::31,0:P31_ID:212901",,,,,https://ordspub.epa.gov/ords/cimc/f?p=CIMC:REPOWER:::::P6_REFERENCE::40842,https://ofmpub.epa.gov/frs_public2/fii_query_detail.disp_program_facility?p_registry_id=110067659910,https://cimc.epa.gov/ords/cimcf?p=CIMC:MAP:::::P71_GEOSEARCH:41.83403 -87.70471
WEST ROSEDALE AVENUE MERCURY SITE,1349 W ROSEDALE AVE,CHICAGO,IL,60660,COOK,ILN000507830,,,https://cumulis.epa.gov/supercpad/cursites/csitinfo.cfm?id=0507830,,,https://ordspub.epa.gov/ords/cimc/f?p=CIMC:REPOWER:::::P6_REFERENCE::,https://ofmpub.epa.gov/frs_public2/fii_query_detail.disp_program_facility?p_registry_id=110070126201,https://cimc.epa.gov/ords/cimcf?p=CIMC:MAP:::::P71_GEOSEARCH:41.988741 -87.664532
HARDING AVE MERCURY SPILL,1328 N HARDING AVE,CHICAGO,IL,60628,COOK,ILN000507887,,,https://cumulis.epa.gov/supercpad/cursites/csitinfo.cfm?id=0507887,,,https://ordspub.epa.gov/ords/cimc/f?p=CIMC:REPOWER:::::P6_REFERENCE::,https://ofmpub.epa.gov/frs_public2/fii_query_detail.disp_program_facility?p_registry_id=110070224680,https://cimc.epa.gov/ords/cimcf?p=CIMC:MAP:::::P71_GEOSEARCH:41.905261 -87.725311
127TH STREET SOIL SITE,12710 S. CARONDOLET AVE.,CHICAGO,IL,60633,COOK COUNTY,ILN000511842,,,https://cumulis.epa.gov/supercpad/cursites/csitinfo.cfm?id=0511842,,,https://ordspub.epa.gov/ords/cimc/f?p=CIMC:REPOWER:::::P6_REFERENCE::,https://ofmpub.epa.gov/frs_public2/fii_query_detail.disp_program_facility?p_registry_id=110070681302,https://cimc.epa.gov/ords/cimcf?p=CIMC:MAP:::::P71_GEOSEARCH: 
STANDARD SCRAP METAL COMPANY,4004 SOUTH WENTWORTH AVENUE,CHICAGO,IL,60609,COOK,ILD045698263,,,https://cumulis.epa.gov/supercpad/cursites/csitinfo.cfm?id=0506344,,,https://ordspub.epa.gov/ords/cimc/f?p=CIMC:REPOWER:::::P6_REFERENCE::,https://ofmpub.epa.gov/frs_public2/fii_query_detail.disp_program_facility?p_registry_id=110071101954,https://cimc.epa.gov/ords/cimcf?p=CIMC:MAP:::::P71_GEOSEARCH:41.821944 -87.631944
SOUTH GREENWOOD SITE,8849-59 South Greenwood Avenue,CHICAGO,IL,60619,Cook,,,,,,http://www.epaosc.org/greenwood,,,https://cimc.epa.gov/ords/cimcf?p=CIMC:MAP:::::P71_GEOSEARCH:41.734272 -87.597343
WEST HOLLYWOOD MERCURY SPILL,4355 W. Hollywood,CHICAGO,IL,60646,Cook,,,,,,http://www.epaosc.org/MercurySpill4355WHollywood,,,https://cimc.epa.gov/ords/cimcf?p=CIMC:MAP:::::P71_GEOSEARCH:41.984254 -87.738035
INGERSOLL REMOVAL,1000 W 120th street,CHICAGO,IL,60643,Cook,,,,,,http://www.epaosc.org/IngersollRemoval,,,https://cimc.epa.gov/ords/cimcf?p=CIMC:MAP:::::P71_GEOSEARCH:41.6764 -87.6469
CLEAN HARBORS RECYCLING SERVICES OF CHICAGO LLC,1445 WEST 42ND STREET,CHICAGO,IL,60609,COOK,ILD005450697,,https://ordspub.epa.gov/ords/cimc/f?p=CIMC:RCRA:::::P14_RCRA_HANDLER_ID:ILD005450697,,https://echo.epa.gov/detailed-facility-report?fid=110000434192,,https://ordspub.epa.gov/ords/cimc/f?p=CIMC:REPOWER:::::P6_REFERENCE::962,https://ofmpub.epa.gov/frs_public2/fii_query_detail.disp_program_facility?p_registry_id=110000434192,https://cimc.epa.gov/ords/cimcf?p=CIMC:MAP:::::P71_GEOSEARCH:41.817136 -87.66133
PARK 512 AVENUE PARK,1800 N ASHLAND AVE,CHICAGO,IL,60622,COOK,,"https://cimc.epa.gov/ords/cimc/f?p=206:31::::31,0:P31_ID:164102",,,,,https://ordspub.epa.gov/ords/cimc/f?p=CIMC:REPOWER:::::P6_REFERENCE::39559,https://ofmpub.epa.gov/frs_public2/fii_query_detail.disp_program_facility?p_registry_id=110005863100,https://cimc.epa.gov/ords/cimcf?p=CIMC:MAP:::::P71_GEOSEARCH:41.91429 -87.66776
CHICAGO HOMETOWN AWARD - BLOOMINGDALE PARK TRAIL,541 N FAIRBANKS 22ND FL,CHICAGO,IL,60611,COOK,,"https://cimc.epa.gov/ords/cimc/f?p=206:31::::31,0:P31_ID:163846",,,,,https://ordspub.epa.gov/ords/cimc/f?p=CIMC:REPOWER:::::P6_REFERENCE::39552,https://ofmpub.epa.gov/frs_public2/fii_query_detail.disp_program_facility?p_registry_id=110005873260,https://cimc.epa.gov/ords/cimcf?p=CIMC:MAP:::::P71_GEOSEARCH:41.89196 -87.62024
PEOPLES GAS NORTH SHORE AVENUE STATION FORMER MGP,6659 NORTH KEDZIE AVENUE,CHICAGO,IL,60645,COOK,ILN000510193,,,https://cumulis.epa.gov/supercpad/cursites/csitinfo.cfm?id=0510193,,,https://ordspub.epa.gov/ords/cimc/f?p=CIMC:REPOWER:::::P6_REFERENCE::81602,https://ofmpub.epa.gov/frs_public2/fii_query_detail.disp_program_facility?p_registry_id=110030434340,https://cimc.epa.gov/ords/cimcf?p=CIMC:MAP:::::P71_GEOSEARCH:42.002653 -87.707617
3 W 114TH ST,3 W 114TH ST,CHICAGO,IL,60628,COOK,,"https://cimc.epa.gov/ords/cimc/f?p=206:31::::31,0:P31_ID:133623",,,,,https://ordspub.epa.gov/ords/cimc/f?p=CIMC:REPOWER:::::P6_REFERENCE::38391,https://ofmpub.epa.gov/frs_public2/fii_query_detail.disp_program_facility?p_registry_id=110044215435,https://cimc.epa.gov/ords/cimcf?p=CIMC:MAP:::::P71_GEOSEARCH:41.68713 -87.623027
WHITNEY YOUNG LIBRARY REPLACEMENT SITE 1,415-417 EAST 79TH STREET,CHICAGO,IL,60619,COOK,,"https://cimc.epa.gov/ords/cimc/f?p=206:31::::31,0:P31_ID:168022",,,,,https://ordspub.epa.gov/ords/cimc/f?p=CIMC:REPOWER:::::P6_REFERENCE::39725,https://ofmpub.epa.gov/frs_public2/fii_query_detail.disp_program_facility?p_registry_id=110063010931,https://cimc.epa.gov/ords/cimcf?p=CIMC:MAP:::::P71_GEOSEARCH:41.75111 -87.61419
35TH PLACE ABANDONED TRAILER,4000 W. 35TH PLACE,CHICAGO,IL,60632,COOK,ILN000506351,,,https://cumulis.epa.gov/supercpad/cursites/csitinfo.cfm?id=0506351,,,https://ordspub.epa.gov/ords/cimc/f?p=CIMC:REPOWER:::::P6_REFERENCE::,https://ofmpub.epa.gov/frs_public2/fii_query_detail.disp_program_facility?p_registry_id=110071101955,https://cimc.epa.gov/ords/cimcf?p=CIMC:MAP:::::P71_GEOSEARCH:41.830306 -87.724226
PEOPLES GAS LIGHT & COKE - DIVISION ST,1241 W DIVISION STREET & ELSTON AVENUE,CHICAGO,IL,60622,COOK,ILD982074783,,,https://cumulis.epa.gov/supercpad/cursites/csitinfo.cfm?id=0505487,,,https://ordspub.epa.gov/ords/cimc/f?p=CIMC:REPOWER:::::P6_REFERENCE::81599,https://ofmpub.epa.gov/frs_public2/fii_query_detail.disp_program_facility?p_registry_id=110071101191,https://cimc.epa.gov/ords/cimcf?p=CIMC:MAP:::::P71_GEOSEARCH:41.895 -87.676667
2500 LOOMIS VENTURE LLC,2500 SOUTH LOOMIS ST,CHICAGO,IL,60608,COOK,ILD984888586,,,https://cumulis.epa.gov/supercpad/cursites/csitinfo.cfm?id=0506783,,,https://ordspub.epa.gov/ords/cimc/f?p=CIMC:REPOWER:::::P6_REFERENCE::,https://ofmpub.epa.gov/frs_public2/fii_query_detail.disp_program_facility?p_registry_id=110005912646,https://cimc.epa.gov/ords/cimcf?p=CIMC:MAP:::::P71_GEOSEARCH:41.849167 -87.660833
J PITT MELT SHOP,3151 SOUTH CALIFORNIA AVENUE,CHICAGO,IL,60608,COOK,ILN000508169,,,https://cumulis.epa.gov/supercpad/cursites/csitinfo.cfm?id=0508169,,,https://ordspub.epa.gov/ords/cimc/f?p=CIMC:REPOWER:::::P6_REFERENCE::,https://ofmpub.epa.gov/frs_public2/fii_query_detail.disp_program_facility?p_registry_id=110006819416,https://cimc.epa.gov/ords/cimcf?p=CIMC:MAP:::::P71_GEOSEARCH:41.835278 -87.695
LINDSAY LIGHT II,316 EAST ILLINOIS,CHICAGO,IL,60611,COOK,IL0000002212,,,https://cumulis.epa.gov/supercpad/cursites/csitinfo.cfm?id=0507289,,,https://ordspub.epa.gov/ords/cimc/f?p=CIMC:REPOWER:::::P6_REFERENCE::,https://ofmpub.epa.gov/frs_public2/fii_query_detail.disp_program_facility?p_registry_id=110009280045,https://cimc.epa.gov/ords/cimcf?p=CIMC:MAP:::::P71_GEOSEARCH:41.89194 -87.62
PULLMAN SEWAGE FARM,130TH ST & INDIANA,CHICAGO,IL,60643,COOK,ILD981959208,,,https://cumulis.epa.gov/supercpad/cursites/csitinfo.cfm?id=0501149,,,https://ordspub.epa.gov/ords/cimc/f?p=CIMC:REPOWER:::::P6_REFERENCE::,https://ofmpub.epa.gov/frs_public2/fii_query_detail.disp_program_facility?p_registry_id=110009283890,https://cimc.epa.gov/ords/cimcf?p=CIMC:MAP:::::P71_GEOSEARCH:41.659444 -87.616944
ELECTRO FINISHERS INC,1662 WEST FULLERTON AVENUE,CHICAGO,IL,60614,COOK,ILN000508159,,,https://cumulis.epa.gov/supercpad/cursites/csitinfo.cfm?id=0508159,,,https://ordspub.epa.gov/ords/cimc/f?p=CIMC:REPOWER:::::P6_REFERENCE::,https://ofmpub.epa.gov/frs_public2/fii_query_detail.disp_program_facility?p_registry_id=110009326498,https://cimc.epa.gov/ords/cimcf?p=CIMC:MAP:::::P71_GEOSEARCH:41.926 -87.671194
PEOPLES GAS LIGHT & COKE NORTH STA,N. CROSBY & W. DIVISION & W. HOBBIE ST,CHICAGO,IL,60610,COOK,ILD982074775,,,https://cumulis.epa.gov/supercpad/cursites/csitinfo.cfm?id=0505488,,,https://ordspub.epa.gov/ords/cimc/f?p=CIMC:REPOWER:::::P6_REFERENCE::81600,https://ofmpub.epa.gov/frs_public2/fii_query_detail.disp_program_facility?p_registry_id=110009326700,https://cimc.epa.gov/ords/cimcf?p=CIMC:MAP:::::P71_GEOSEARCH:41.903889 -87.646667
UNNAMED PARCEL SITE,1/2 MILE EAST OF LAKE CALUMET,CHICAGO,IL,60633,MILWAUKEE,,"https://cimc.epa.gov/ords/cimc/f?p=206:31::::31,0:P31_ID:10655",,,,,https://ordspub.epa.gov/ords/cimc/f?p=CIMC:REPOWER:::::P6_REFERENCE::34189,https://ofmpub.epa.gov/frs_public2/fii_query_detail.disp_program_facility?p_registry_id=110015331826,https://cimc.epa.gov/ords/cimcf?p=CIMC:MAP:::::P71_GEOSEARCH:41.6734 -87.5591
MASON STREET MERCURY,335 NORTH MASON STREET,CHICAGO,IL,60644,COOK,ILN000509196,,,https://cumulis.epa.gov/supercpad/cursites/csitinfo.cfm?id=0509196,,,https://ordspub.epa.gov/ords/cimc/f?p=CIMC:REPOWER:::::P6_REFERENCE::,https://ofmpub.epa.gov/frs_public2/fii_query_detail.disp_program_facility?p_registry_id=110017945704,https://cimc.epa.gov/ords/cimcf?p=CIMC:MAP:::::P71_GEOSEARCH:41.886192 -87.773302
3042 WEST CHICAGO AVENUE,3042 WEST CHICAGO AVENUE,CHICAGO,IL,60622,COOK,,"https://cimc.epa.gov/ords/cimc/f?p=206:31::::31,0:P31_ID:13878",,,,,https://ordspub.epa.gov/ords/cimc/f?p=CIMC:REPOWER:::::P6_REFERENCE::,https://ofmpub.epa.gov/frs_public2/fii_query_detail.disp_program_facility?p_registry_id=110039531174,https://cimc.epa.gov/ords/cimcf?p=CIMC:MAP:::::P71_GEOSEARCH:41.895622 -87.703135
CUNEO PRESS,2201-2300 S. GROVE STREET,CHICAGO,IL,60609,COOK,ILD990786261,,,https://cumulis.epa.gov/supercpad/cursites/csitinfo.cfm?id=0507559,,,https://ordspub.epa.gov/ords/cimc/f?p=CIMC:REPOWER:::::P6_REFERENCE::,https://ofmpub.epa.gov/frs_public2/fii_query_detail.disp_program_facility?p_registry_id=110039531272,https://cimc.epa.gov/ords/cimcf?p=CIMC:MAP:::::P71_GEOSEARCH:41.876667 -87.626667
SUN MACHINE PARTS,122 LA SALLE ST N,CHICAGO,IL,60602,COOK,,"https://cimc.epa.gov/ords/cimc/f?p=206:31::::31,0:P31_ID:13885",,,,,https://ordspub.epa.gov/ords/cimc/f?p=CIMC:REPOWER:::::P6_REFERENCE::,https://ofmpub.epa.gov/frs_public2/fii_query_detail.disp_program_facility?p_registry_id=110039531316,https://cimc.epa.gov/ords/cimcf?p=CIMC:MAP:::::P71_GEOSEARCH:41.88383 -87.63245
PARNELL PLACE,76TH &  PARNELL,CHICAGO,IL,60620,COOK,,"https://cimc.epa.gov/ords/cimc/f?p=206:31::::31,0:P31_ID:13892",,,,,https://ordspub.epa.gov/ords/cimc/f?p=CIMC:REPOWER:::::P6_REFERENCE::,https://ofmpub.epa.gov/frs_public2/fii_query_detail.disp_program_facility?p_registry_id=110039531548,https://cimc.epa.gov/ords/cimcf?p=CIMC:MAP:::::P71_GEOSEARCH:41.75617 -87.63839
136TH STREET DRUM,340 EAST 136TH STREET,CHICAGO,IL,60827,COOK,ILN000510396,,,https://cumulis.epa.gov/supercpad/cursites/csitinfo.cfm?id=0510396,,,https://ordspub.epa.gov/ords/cimc/f?p=CIMC:REPOWER:::::P6_REFERENCE::,https://ofmpub.epa.gov/frs_public2/fii_query_detail.disp_program_facility?p_registry_id=110039511971,https://cimc.epa.gov/ords/cimcf?p=CIMC:MAP:::::P71_GEOSEARCH:41.647839 -87.615409
PHYTO TEST PLOT GARDEN - CSU,9821 S. COTTAGE GROVE AVE,CHICAGO,IL,60628,COOK,,"https://cimc.epa.gov/ords/cimc/f?p=206:31::::31,0:P31_ID:111303",,,,,https://ordspub.epa.gov/ords/cimc/f?p=CIMC:REPOWER:::::P6_REFERENCE::37424,https://ofmpub.epa.gov/frs_public2/fii_query_detail.disp_program_facility?p_registry_id=110043082142,https://cimc.epa.gov/ords/cimcf?p=CIMC:MAP:::::P71_GEOSEARCH:41.71598 -87.60458
SPECIFIED PLATING CO,320 N HARDING AVE,CHICAGO,IL,60624,COOK,ILT180011611,,,https://cumulis.epa.gov/supercpad/cursites/csitinfo.cfm?id=0509202,,,https://ordspub.epa.gov/ords/cimc/f?p=CIMC:REPOWER:::::P6_REFERENCE::,https://ofmpub.epa.gov/frs_public2/fii_query_detail.disp_program_facility?p_registry_id=110054833702,https://cimc.epa.gov/ords/cimcf?p=CIMC:MAP:::::P71_GEOSEARCH: 
WEST PULLMAN PCB SPILL SITE,1174 WEST 120TH STREET,CHICAGO,IL,60643,COOK,ILN000506040,,,https://cumulis.epa.gov/supercpad/cursites/csitinfo.cfm?id=0506040,,,https://ordspub.epa.gov/ords/cimc/f?p=CIMC:REPOWER:::::P6_REFERENCE::,https://ofmpub.epa.gov/frs_public2/fii_query_detail.disp_program_facility?p_registry_id=110067037959,https://cimc.epa.gov/ords/cimcf?p=CIMC:MAP:::::P71_GEOSEARCH:41.67614 -87.650694
LAKE CALUMET CLUSTER,122ND STREET AND STONY ISLAND AVENUE,CHICAGO,IL,60633,COOK,ILD000716852,,,https://cumulis.epa.gov/supercpad/cursites/csitinfo.cfm?id=0500078,,,https://ordspub.epa.gov/ords/cimc/f?p=CIMC:REPOWER:::::P6_REFERENCE::81506,https://ofmpub.epa.gov/frs_public2/fii_query_detail.disp_program_facility?p_registry_id=110064146525,https://cimc.epa.gov/ords/cimcf?p=CIMC:MAP:::::P71_GEOSEARCH:41.679444 -87.568889
650 WEST 83RD STREET,650 WEST 83RD STREET,CHICAGO,IL,60620,COOK,,"https://cimc.epa.gov/ords/cimc/f?p=206:31::::31,0:P31_ID:237635",,,,,https://ordspub.epa.gov/ords/cimc/f?p=CIMC:REPOWER:::::P6_REFERENCE::,https://ofmpub.epa.gov/frs_public2/fii_query_detail.disp_program_facility?p_registry_id=110070789945,https://cimc.epa.gov/ords/cimcf?p=CIMC:MAP:::::P71_GEOSEARCH:41.743807 -87.641392
35TH PLACE ABANDONED TRAILER,4000 W 35th Place,CHICAGO,IL,60632,Cook,,,,,,http://www.epaosc.org/35thplace,,,https://cimc.epa.gov/ords/cimcf?p=CIMC:MAP:::::P71_GEOSEARCH:41.830307 -87.724226
ACME CHICAGO COKE SITE,11236 South Torrence Avenue,CHICAGO,IL,,Cook,,,,,,http://www.epaosc.org/acmecoke,,,https://cimc.epa.gov/ords/cimcf?p=CIMC:MAP:::::P71_GEOSEARCH:41.6917 -87.5597
GOR DRUM SITE,6147 West 65th Street,CHICAGO,IL,,Cook,,,,,,http://www.epaosc.org/gordrum,,,https://cimc.epa.gov/ords/cimcf?p=CIMC:MAP:::::P71_GEOSEARCH:41.7739 -87.7758
CRESCENT PLATING SITE,3650 West Armitage Avenue,CHICAGO,IL,60647,Cook,,,,,,http://www.epaosc.org/CrescentPlating,,,https://cimc.epa.gov/ords/cimcf?p=CIMC:MAP:::::P71_GEOSEARCH:41.9172 -87.7186
NORTHWESTERN PLATING WORKS SITE,3114 S. Kolin Ave,CHICAGO,IL,60623,Cook,,,,,,http://www.epaosc.org/northwesternplating,,,https://cimc.epa.gov/ords/cimcf?p=CIMC:MAP:::::P71_GEOSEARCH:41.8364 -87.7328
CSX PCBDERAILMENT,83rd and Maplewood,CHICAGO,IL,60606,Cook,,,,,,http://www.epaosc.org/CSXPCBDerailment,,,https://cimc.epa.gov/ords/cimcf?p=CIMC:MAP:::::P71_GEOSEARCH:41.742752 -87.6864
GUERIN PREP MERCURY SPILL,8001 w Belmont ave,CHICAGO,IL,,Cook,,,,,,http://www.epaosc.org/Guerin,,,https://cimc.epa.gov/ords/cimcf?p=CIMC:MAP:::::P71_GEOSEARCH:41.937029 -87.826922
VALSPAR CORP,1330 S KILBOURN AVE,CHICAGO,IL,60623,COOK,ILD081040107,"https://cimc.epa.gov/ords/cimc/f?p=206:31::::31,0:P31_ID:13880",https://ordspub.epa.gov/ords/cimc/f?p=CIMC:RCRA:::::P14_RCRA_HANDLER_ID:ILD081040107,https://cumulis.epa.gov/supercpad/cursites/csitinfo.cfm?id=0506439,https://echo.epa.gov/detailed-facility-report?fid=110000612604,,https://ordspub.epa.gov/ords/cimc/f?p=CIMC:REPOWER:::::P6_REFERENCE::1016,https://ofmpub.epa.gov/frs_public2/fii_query_detail.disp_program_facility?p_registry_id=110000612604,https://cimc.epa.gov/ords/cimcf?p=CIMC:MAP:::::P71_GEOSEARCH:41.863594 -87.737324
SUN MACHINE PARTS,10655 TORRENCE AVENUE,CHICAGO,IL,60617,COOK,,"https://cimc.epa.gov/ords/cimc/f?p=206:31::::31,0:P31_ID:233081",,,,,https://ordspub.epa.gov/ords/cimc/f?p=CIMC:REPOWER:::::P6_REFERENCE::41243,https://ofmpub.epa.gov/frs_public2/fii_query_detail.disp_program_facility?p_registry_id=110009282695,https://cimc.epa.gov/ords/cimcf?p=CIMC:MAP:::::P71_GEOSEARCH:41.701792 -87.5596
CALUMET REGION AREA WIDE PLANNING,CALUMET REGION,CHICAGO,IL,60617,COOK,,"https://cimc.epa.gov/ords/cimc/f?p=206:31::::31,0:P31_ID:197501",,,,,https://ordspub.epa.gov/ords/cimc/f?p=CIMC:REPOWER:::::P6_REFERENCE::40605,https://ofmpub.epa.gov/frs_public2/fii_query_detail.disp_program_facility?p_registry_id=110064692569,https://cimc.epa.gov/ords/cimcf?p=CIMC:MAP:::::P71_GEOSEARCH:41.731702 -87.551435
HEART OF CHICAGO AREA SOILS SITE,APPROX. CENTER OF 580 ACRE SITE NEAR 1902 W. 21ST,CHICAGO,IL,60608,COOK,ILN000507602,,,https://cumulis.epa.gov/supercpad/cursites/csitinfo.cfm?id=0507602,,,https://ordspub.epa.gov/ords/cimc/f?p=CIMC:REPOWER:::::P6_REFERENCE::,https://ofmpub.epa.gov/frs_public2/fii_query_detail.disp_program_facility?p_registry_id=110071101607,https://cimc.epa.gov/ords/cimcf?p=CIMC:MAP:::::P71_GEOSEARCH:41.854173 -87.673635
NORTHWESTERN PLATING WORKS,3114 S. KOLIN AVE.,CHICAGO,IL,60623,COOK,ILN000510086,,,https://cumulis.epa.gov/supercpad/cursites/csitinfo.cfm?id=0510086,,,https://ordspub.epa.gov/ords/cimc/f?p=CIMC:REPOWER:::::P6_REFERENCE::,https://ofmpub.epa.gov/frs_public2/fii_query_detail.disp_program_facility?p_registry_id=110000434762,https://cimc.epa.gov/ords/cimcf?p=CIMC:MAP:::::P71_GEOSEARCH:41.836434 -87.73295
NATIONAL CHEMICAL,600 W 52ND ST,CHICAGO,IL,60609,COOK,IL0002330785,,,https://cumulis.epa.gov/supercpad/cursites/csitinfo.cfm?id=0507759,,,https://ordspub.epa.gov/ords/cimc/f?p=CIMC:REPOWER:::::P6_REFERENCE::,https://ofmpub.epa.gov/frs_public2/fii_query_detail.disp_program_facility?p_registry_id=110003054471,https://cimc.epa.gov/ords/cimcf?p=CIMC:MAP:::::P71_GEOSEARCH:41.799722 -87.640278
CHICAGO PARK DISTRICT,2800 S. SACRAMENTO,CHICAGO,IL,60623,COOK,ILD051053692,,,https://cumulis.epa.gov/supercpad/cursites/csitinfo.cfm?id=0506225,,,https://ordspub.epa.gov/ords/cimc/f?p=CIMC:REPOWER:::::P6_REFERENCE::,https://ofmpub.epa.gov/frs_public2/fii_query_detail.disp_program_facility?p_registry_id=110001804780,https://cimc.epa.gov/ords/cimcf?p=CIMC:MAP:::::P71_GEOSEARCH:41.84 -87.700278
UNO - GAGE SOCCER ACADEMY,3434 W 51ST ST,CHICAGO,IL,60632,COOK,,"https://cimc.epa.gov/ords/cimc/f?p=206:31::::31,0:P31_ID:161461",,,,,https://ordspub.epa.gov/ords/cimc/f?p=CIMC:REPOWER:::::P6_REFERENCE::39431,https://ofmpub.epa.gov/frs_public2/fii_query_detail.disp_program_facility?p_registry_id=110005835132,https://cimc.epa.gov/ords/cimcf?p=CIMC:MAP:::::P71_GEOSEARCH:41.800723 -87.709493
O'HARE AIR RESERVE FACILITIES,MANNHEIM RD,CHICAGO,IL,60666,COOK,ILD049484181,,,https://cumulis.epa.gov/supercpad/cursites/csitinfo.cfm?id=0500347,,,https://ordspub.epa.gov/ords/cimc/f?p=CIMC:REPOWER:::::P6_REFERENCE::81576,https://ofmpub.epa.gov/frs_public2/fii_query_detail.disp_program_facility?p_registry_id=110009282980,https://cimc.epa.gov/ords/cimcf?p=CIMC:MAP:::::P71_GEOSEARCH:41.99 -87.895
MCC CONSTRUCTION,2100 SOUTH KOSTNER,CHICAGO,IL,60623,COOK,IL0000998302,,,https://cumulis.epa.gov/supercpad/cursites/csitinfo.cfm?id=0507598,,,https://ordspub.epa.gov/ords/cimc/f?p=CIMC:REPOWER:::::P6_REFERENCE::,https://ofmpub.epa.gov/frs_public2/fii_query_detail.disp_program_facility?p_registry_id=110009327237,https://cimc.epa.gov/ords/cimcf?p=CIMC:MAP:::::P71_GEOSEARCH:41.852222 -87.734167
POLK STREET DRUMS,4547 POLK ST,CHICAGO,IL,60624,COOK,ILN000508200,,,https://cumulis.epa.gov/supercpad/cursites/csitinfo.cfm?id=0508200,,,https://ordspub.epa.gov/ords/cimc/f?p=CIMC:REPOWER:::::P6_REFERENCE::,https://ofmpub.epa.gov/frs_public2/fii_query_detail.disp_program_facility?p_registry_id=110018076892,https://cimc.epa.gov/ords/cimcf?p=CIMC:MAP:::::P71_GEOSEARCH:41.870278 -87.739167
9705 S. COTTAGE GROVE,122 LA SALLE ST N,CHICAGO,IL,60602,COOK,,"https://cimc.epa.gov/ords/cimc/f?p=206:31::::31,0:P31_ID:13886",,,,,https://ordspub.epa.gov/ords/cimc/f?p=CIMC:REPOWER:::::P6_REFERENCE::,https://ofmpub.epa.gov/frs_public2/fii_query_detail.disp_program_facility?p_registry_id=110039531398,https://cimc.epa.gov/ords/cimcf?p=CIMC:MAP:::::P71_GEOSEARCH:41.88383 -87.63245
GATEWAY PARK INDUSTRIAL COMPLEX,76TH & ALBANY,CHICAGO,IL,60602,COOK,,"https://cimc.epa.gov/ords/cimc/f?p=206:31::::31,0:P31_ID:13890",,,,,https://ordspub.epa.gov/ords/cimc/f?p=CIMC:REPOWER:::::P6_REFERENCE::,https://ofmpub.epa.gov/frs_public2/fii_query_detail.disp_program_facility?p_registry_id=110039531496,https://cimc.epa.gov/ords/cimcf?p=CIMC:MAP:::::P71_GEOSEARCH:41.884151 -87.632393
434-480 NORTH KILBOURN AVENUE,434-480 NORTH KILBOURN AVENUE,CHICAGO,IL,60624,COOK,,"https://cimc.epa.gov/ords/cimc/f?p=206:31::::31,0:P31_ID:13875",,,,,https://ordspub.epa.gov/ords/cimc/f?p=CIMC:REPOWER:::::P6_REFERENCE::,https://ofmpub.epa.gov/frs_public2/fii_query_detail.disp_program_facility?p_registry_id=110039544525,https://cimc.epa.gov/ords/cimcf?p=CIMC:MAP:::::P71_GEOSEARCH:41.88898 -87.7382
LOEWENTHAL METALS CORP.,947 W. CULLERTON ST,CHICAGO,IL,60608,COOK,ILP000510081,,,https://cumulis.epa.gov/supercpad/cursites/csitinfo.cfm?id=0510081,,,https://ordspub.epa.gov/ords/cimc/f?p=CIMC:REPOWER:::::P6_REFERENCE::,https://ofmpub.epa.gov/frs_public2/fii_query_detail.disp_program_facility?p_registry_id=110046353227,https://cimc.epa.gov/ords/cimcf?p=CIMC:MAP:::::P71_GEOSEARCH:41.855052 -87.650012
ELLIS METAL COMPANY,2031 WEST CHURCHILL,CHICAGO,IL,60647,COOK,ILN000510836,,,https://cumulis.epa.gov/supercpad/cursites/csitinfo.cfm?id=0510836,,,https://ordspub.epa.gov/ords/cimc/f?p=CIMC:REPOWER:::::P6_REFERENCE::,https://ofmpub.epa.gov/frs_public2/fii_query_detail.disp_program_facility?p_registry_id=110054144831,https://cimc.epa.gov/ords/cimcf?p=CIMC:MAP:::::P71_GEOSEARCH:41.914 -87.6789
WHITNEY YOUNG LIBRARY EXPANSION,415-423 EAST 79TH ST.,CHICAGO,IL,60619,COOK,,"https://cimc.epa.gov/ords/cimc/f?p=206:31::::31,0:P31_ID:161561",,,,,https://ordspub.epa.gov/ords/cimc/f?p=CIMC:REPOWER:::::P6_REFERENCE::39435,https://ofmpub.epa.gov/frs_public2/fii_query_detail.disp_program_facility?p_registry_id=110055264645,https://cimc.epa.gov/ords/cimcf?p=CIMC:MAP:::::P71_GEOSEARCH:41.751112 -87.614264
PULLMAN CAR MANUFACTURING COMPANY,748 E 111TH ST,CHICAGO,IL,60628,COOK,,"https://cimc.epa.gov/ords/cimc/f?p=206:31::::31,0:P31_ID:182221",,,,,https://ordspub.epa.gov/ords/cimc/f?p=CIMC:REPOWER:::::P6_REFERENCE::,https://ofmpub.epa.gov/frs_public2/fii_query_detail.disp_program_facility?p_registry_id=110056370038,https://cimc.epa.gov/ords/cimcf?p=CIMC:MAP:::::P71_GEOSEARCH:41.69282 -87.60512
3350 S. KEDZIE,122 LA SALLE ST N,CHICAGO,IL,60602,COOK,,"https://cimc.epa.gov/ords/cimc/f?p=206:31::::31,0:P31_ID:13891",,,,,https://ordspub.epa.gov/ords/cimc/f?p=CIMC:REPOWER:::::P6_REFERENCE::,https://ofmpub.epa.gov/frs_public2/fii_query_detail.disp_program_facility?p_registry_id=110060983039,https://cimc.epa.gov/ords/cimcf?p=CIMC:MAP:::::P71_GEOSEARCH:41.88383 -87.63245
US SCRAP,123RD & COTTAGE GROVE,CHICAGO,IL,60628,COOK,ILD980679484,,,https://cumulis.epa.gov/supercpad/cursites/csitinfo.cfm?id=0500726,,,https://ordspub.epa.gov/ords/cimc/f?p=CIMC:REPOWER:::::P6_REFERENCE::,https://ofmpub.epa.gov/frs_public2/fii_query_detail.disp_program_facility?p_registry_id=110071102046,https://cimc.epa.gov/ords/cimcf?p=CIMC:MAP:::::P71_GEOSEARCH:41.693333 -87.623333
ECONOMY PLATING INC. (CHICAGO),2348-52 North Elston Avenue,CHICAGO,IL,60614,Cook,,,,,,http://www.epaosc.org/economyplatinginc,,,https://cimc.epa.gov/ords/cimcf?p=CIMC:MAP:::::P71_GEOSEARCH:41.92425 -87.67653
DES PLAINES STREET VIADUCT SITE,Kinzie Street and Desplaines Street,CHICAGO,IL,60610,Cook,,,,,,http://www.epaosc.org/DesPlaines,,,https://cimc.epa.gov/ords/cimcf?p=CIMC:MAP:::::P71_GEOSEARCH:41.8886 -87.6442
WEST ROSEDALE AVENUE MERCURY SPILL,West Rosedale Avenue,CHICAGO,IL,60660,Cook,,,,,,http://www.epaosc.org/WestRosedaleAvenueMercurySpill,,,https://cimc.epa.gov/ords/cimcf?p=CIMC:MAP:::::P71_GEOSEARCH:41.99 -87.67
PRIDE INDUSTRIES,925 S CALIFORNIA AVE,CHICAGO,IL,60612,COOK,ILD077026656,,,https://cumulis.epa.gov/supercpad/cursites/csitinfo.cfm?id=0506412,,,https://ordspub.epa.gov/ords/cimc/f?p=CIMC:REPOWER:::::P6_REFERENCE::,https://ofmpub.epa.gov/frs_public2/fii_query_detail.disp_program_facility?p_registry_id=110005839815,https://cimc.epa.gov/ords/cimcf?p=CIMC:MAP:::::P71_GEOSEARCH:41.869444 -87.696667
PEOPLES GAS SOUTH STATION FORMER MGP,NW CORNER OF ELEANOR AND LOOMIS ST.,CHICAGO,IL,60608,COOK,ILN000510191,,,https://cumulis.epa.gov/supercpad/cursites/csitinfo.cfm?id=0510191,,,https://ordspub.epa.gov/ords/cimc/f?p=CIMC:REPOWER:::::P6_REFERENCE::81604,https://ofmpub.epa.gov/frs_public2/fii_query_detail.disp_program_facility?p_registry_id=110030434322,https://cimc.epa.gov/ords/cimcf?p=CIMC:MAP:::::P71_GEOSEARCH:41.844197 -87.6621
411 N KEDZIE,411 N KEDZIE,CHICAGO,IL,60624,COOK,,"https://cimc.epa.gov/ords/cimc/f?p=206:31::::31,0:P31_ID:160823",,,,,https://ordspub.epa.gov/ords/cimc/f?p=CIMC:REPOWER:::::P6_REFERENCE::39419,https://ofmpub.epa.gov/frs_public2/fii_query_detail.disp_program_facility?p_registry_id=110055264592,https://cimc.epa.gov/ords/cimcf?p=CIMC:MAP:::::P71_GEOSEARCH:41.88867 -87.70635
BUBBLY CREEK MYSTERY OIL SPILL,"Chicago River, Mile Marker 321",CHICAGO,IL,60608,Cook,,,,,,http://www.epaosc.org/BubblyCreekMysteryOilSpill,,,https://cimc.epa.gov/ords/cimcf?p=CIMC:MAP:::::P71_GEOSEARCH:41.843619 -87.663208
QUALITY PLATING,323 NORTH KILPATRICK AVE.,CHICAGO,IL,60644,COOK,ILD005474572,,,https://cumulis.epa.gov/supercpad/cursites/csitinfo.cfm?id=0507562,,,https://ordspub.epa.gov/ords/cimc/f?p=CIMC:REPOWER:::::P6_REFERENCE::,https://ofmpub.epa.gov/frs_public2/fii_query_detail.disp_program_facility?p_registry_id=110001319396,https://cimc.epa.gov/ords/cimcf?p=CIMC:MAP:::::P71_GEOSEARCH:41.886389 -87.743056
MOSCHIANO PLATING COMPANY,2808 W. LAKE ST.,CHICAGO,IL,60612,COOK,ILD062471081,,,https://cumulis.epa.gov/supercpad/cursites/csitinfo.cfm?id=0507732,,,https://ordspub.epa.gov/ords/cimc/f?p=CIMC:REPOWER:::::P6_REFERENCE::,https://ofmpub.epa.gov/frs_public2/fii_query_detail.disp_program_facility?p_registry_id=110001343449,https://cimc.epa.gov/ords/cimcf?p=CIMC:MAP:::::P71_GEOSEARCH:41.883889 -87.698056
ONDEO NALCO COMPANY,6216 WEST 66TH PLACE,CHICAGO,IL,60638,COOK,ILD005092572,,,https://cumulis.epa.gov/supercpad/cursites/csitinfo.cfm?id=0500153,,,https://ordspub.epa.gov/ords/cimc/f?p=CIMC:REPOWER:::::P6_REFERENCE::,https://ofmpub.epa.gov/frs_public2/fii_query_detail.disp_program_facility?p_registry_id=110000888585,https://cimc.epa.gov/ords/cimcf?p=CIMC:MAP:::::P71_GEOSEARCH:41.771667 -87.777778
WATCO TRANSLOADING LLC,2926 E 126TH ST,CHICAGO,IL,60633,COOK,ILN000508656,,,https://cumulis.epa.gov/supercpad/cursites/csitinfo.cfm?id=0508656,,,https://ordspub.epa.gov/ords/cimc/f?p=CIMC:REPOWER:::::P6_REFERENCE::,https://ofmpub.epa.gov/frs_public2/fii_query_detail.disp_program_facility?p_registry_id=110001684044,https://cimc.epa.gov/ords/cimcf?p=CIMC:MAP:::::P71_GEOSEARCH: 
MT GREENWOOD,3547 W 111TH ST,CHICAGO,IL,60655,COOK,ILN000508568,,,https://cumulis.epa.gov/supercpad/cursites/csitinfo.cfm?id=0508568,,,https://ordspub.epa.gov/ords/cimc/f?p=CIMC:REPOWER:::::P6_REFERENCE::,https://ofmpub.epa.gov/frs_public2/fii_query_detail.disp_program_facility?p_registry_id=110001820940,https://cimc.epa.gov/ords/cimcf?p=CIMC:MAP:::::P71_GEOSEARCH: 
ALDENS INCORPORATED CHIPS,5000 WEST ROOSEVELT ROAD,CHICAGO,IL,60644,COOK,ILD980905277,,,https://cumulis.epa.gov/supercpad/cursites/csitinfo.cfm?id=0500931,,,https://ordspub.epa.gov/ords/cimc/f?p=CIMC:REPOWER:::::P6_REFERENCE::,https://ofmpub.epa.gov/frs_public2/fii_query_detail.disp_program_facility?p_registry_id=110009283382,https://cimc.epa.gov/ords/cimcf?p=CIMC:MAP:::::P71_GEOSEARCH:41.867778 -87.754167
N. LEROY AVE. MERCURY SITE,6420 N. LEROY AVE,CHICAGO,IL,60646,COOK,ILN000508116,,,https://cumulis.epa.gov/supercpad/cursites/csitinfo.cfm?id=0508116,,,https://ordspub.epa.gov/ords/cimc/f?p=CIMC:REPOWER:::::P6_REFERENCE::,https://ofmpub.epa.gov/frs_public2/fii_query_detail.disp_program_facility?p_registry_id=110009284032,https://cimc.epa.gov/ords/cimcf?p=CIMC:MAP:::::P71_GEOSEARCH:41.997778 -87.754444
RELIABLE PLATING CORPORATION FIRE,1514 WEST LAKE STREET,CHICAGO,IL,60607,COOK,ILN000510170,,,https://cumulis.epa.gov/supercpad/cursites/csitinfo.cfm?id=0510170,,,https://ordspub.epa.gov/ords/cimc/f?p=CIMC:REPOWER:::::P6_REFERENCE::,https://ofmpub.epa.gov/frs_public2/fii_query_detail.disp_program_facility?p_registry_id=110027984858,https://cimc.epa.gov/ords/cimcf?p=CIMC:MAP:::::P71_GEOSEARCH:41.88536 -87.66482
SOUTH GREEN PLATING SHOP,12130 S GREEN ST,CHICAGO,IL,60643,COOK,ILN000509237,,,https://cumulis.epa.gov/supercpad/cursites/csitinfo.cfm?id=0509237,,,https://ordspub.epa.gov/ords/cimc/f?p=CIMC:REPOWER:::::P6_REFERENCE::,https://ofmpub.epa.gov/frs_public2/fii_query_detail.disp_program_facility?p_registry_id=110022437344,https://cimc.epa.gov/ords/cimcf?p=CIMC:MAP:::::P71_GEOSEARCH:41.673936 -87.643017
PEOPLES GAS THROOP STREET FORMER MGP,2625 LOOMIS AVENUE,CHICAGO,IL,60608,COOK,ILN000510194,,,https://cumulis.epa.gov/supercpad/cursites/csitinfo.cfm?id=0510194,,,https://ordspub.epa.gov/ords/cimc/f?p=CIMC:REPOWER:::::P6_REFERENCE::81605,https://ofmpub.epa.gov/frs_public2/fii_query_detail.disp_program_facility?p_registry_id=110030434359,https://cimc.epa.gov/ords/cimcf?p=CIMC:MAP:::::P71_GEOSEARCH:41.846839 -87.657603
DES PLAINES STREET VIADUCT SITE,370 NORTH DES PLAINES STREET,CHICAGO,IL,60661,COOK,ILN000510231,,,https://cumulis.epa.gov/supercpad/cursites/csitinfo.cfm?id=0510231,,,https://ordspub.epa.gov/ords/cimc/f?p=CIMC:REPOWER:::::P6_REFERENCE::,https://ofmpub.epa.gov/frs_public2/fii_query_detail.disp_program_facility?p_registry_id=110031457849,https://cimc.epa.gov/ords/cimcf?p=CIMC:MAP:::::P71_GEOSEARCH:41.8888 -87.64416
OZINGA BROS,11701 TORRENCE AVE,CHICAGO,IL,60617,COOK,ILN000511856,,,https://cumulis.epa.gov/supercpad/cursites/csitinfo.cfm?id=0511856,,,https://ordspub.epa.gov/ords/cimc/f?p=CIMC:REPOWER:::::P6_REFERENCE::,https://ofmpub.epa.gov/frs_public2/fii_query_detail.disp_program_facility?p_registry_id=110037159758,https://cimc.epa.gov/ords/cimcf?p=CIMC:MAP:::::P71_GEOSEARCH: 
SALVATION ARMY RED SHIELD,69TH & MORGAN,CHICAGO,IL,60621,COOK,,"https://cimc.epa.gov/ords/cimc/f?p=206:31::::31,0:P31_ID:13893",,,,,https://ordspub.epa.gov/ords/cimc/f?p=CIMC:REPOWER:::::P6_REFERENCE::,https://ofmpub.epa.gov/frs_public2/fii_query_detail.disp_program_facility?p_registry_id=110039531557,https://cimc.epa.gov/ords/cimcf?p=CIMC:MAP:::::P71_GEOSEARCH:41.76876 -87.64933
ALL CITY ENVIRONMENTAL SERVICES,5001 W 40TH ST,CHICAGO,IL,60632,COOK,ILN000510397,,,https://cumulis.epa.gov/supercpad/cursites/csitinfo.cfm?id=0510397,,,https://ordspub.epa.gov/ords/cimc/f?p=CIMC:REPOWER:::::P6_REFERENCE::,https://ofmpub.epa.gov/frs_public2/fii_query_detail.disp_program_facility?p_registry_id=110039512382,https://cimc.epa.gov/ords/cimcf?p=CIMC:MAP:::::P71_GEOSEARCH:41.819751 -87.745142
ROSELAND COMMUNITY,"110TH PLACE AND MICHIGAN, EAST SIDE OF STATE ST.",CHICAGO,IL,60628,COOK,,"https://cimc.epa.gov/ords/cimc/f?p=206:31::::31,0:P31_ID:13876",,,,,https://ordspub.epa.gov/ords/cimc/f?p=CIMC:REPOWER:::::P6_REFERENCE::,https://ofmpub.epa.gov/frs_public2/fii_query_detail.disp_program_facility?p_registry_id=110039544589,https://cimc.epa.gov/ords/cimcf?p=CIMC:MAP:::::P71_GEOSEARCH:41.69433 -87.62077
KIMBALL AVENUE PARK,1807-15 NORTH KIMBALL AVENUE,CHICAGO,IL,60602,COOK,,"https://cimc.epa.gov/ords/cimc/f?p=206:31::::31,0:P31_ID:160822",,,,,https://ordspub.epa.gov/ords/cimc/f?p=CIMC:REPOWER:::::P6_REFERENCE::39418,https://ofmpub.epa.gov/frs_public2/fii_query_detail.disp_program_facility?p_registry_id=110055264217,https://cimc.epa.gov/ords/cimcf?p=CIMC:MAP:::::P71_GEOSEARCH:41.914034 -87.711776
1805 N KIMBALL,1805 N KIMBALL,CHICAGO,IL,60612,COOK,,"https://cimc.epa.gov/ords/cimc/f?p=206:31::::31,0:P31_ID:160821",,,,,https://ordspub.epa.gov/ords/cimc/f?p=CIMC:REPOWER:::::P6_REFERENCE::39417,https://ofmpub.epa.gov/frs_public2/fii_query_detail.disp_program_facility?p_registry_id=110055264583,https://cimc.epa.gov/ords/cimcf?p=CIMC:MAP:::::P71_GEOSEARCH:41.91389 -87.71177
DUTCH BOY,WEST PULLMAN 12042 SOUTH PEORIA STREET,CHICAGO,IL,60643,COOK,ILD980265797,,,https://cumulis.epa.gov/supercpad/cursites/csitinfo.cfm?id=0500529,,,https://ordspub.epa.gov/ords/cimc/f?p=CIMC:REPOWER:::::P6_REFERENCE::,https://ofmpub.epa.gov/frs_public2/fii_query_detail.disp_program_facility?p_registry_id=110064307824,https://cimc.epa.gov/ords/cimcf?p=CIMC:MAP:::::P71_GEOSEARCH:41.691667 -87.661667
SH BELL CO,10218 S AVE O,CHICAGO,IL,60617,COOK ,ILN000507938,,,https://cumulis.epa.gov/supercpad/cursites/csitinfo.cfm?id=0507938,,,https://ordspub.epa.gov/ords/cimc/f?p=CIMC:REPOWER:::::P6_REFERENCE::,https://ofmpub.epa.gov/frs_public2/fii_query_detail.disp_program_facility?p_registry_id=110064143804,https://cimc.epa.gov/ords/cimcf?p=CIMC:MAP:::::P71_GEOSEARCH:41.710196 -87.539664
MICHAEL REESE/CARNOTITE REDUCTION,2929 S. ELLIS AVENUE,CHICAGO,IL,60616,COOK,ILN000510371,,,https://cumulis.epa.gov/supercpad/cursites/csitinfo.cfm?id=0510371,,,https://ordspub.epa.gov/ords/cimc/f?p=CIMC:REPOWER:::::P6_REFERENCE::,https://ofmpub.epa.gov/frs_public2/fii_query_detail.disp_program_facility?p_registry_id=110067350397,https://cimc.epa.gov/ords/cimcf?p=CIMC:MAP:::::P71_GEOSEARCH:41.841628 -87.613301
CONTINENTAL CHEMISTE,2250 S. OGDEN AVE,CHICAGO,IL,60612,COOK COUNTY,ILD984863951,,,https://cumulis.epa.gov/supercpad/cursites/csitinfo.cfm?id=0506955,,,https://ordspub.epa.gov/ords/cimc/f?p=CIMC:REPOWER:::::P6_REFERENCE::,https://ofmpub.epa.gov/frs_public2/fii_query_detail.disp_program_facility?p_registry_id=110067351715,https://cimc.epa.gov/ords/cimcf?p=CIMC:MAP:::::P71_GEOSEARCH:41.866944 -87.6825
PULLMAN NATIONAL MONUMENT,11141 SOUTH COTTAGE GROVE AVENUE,CHICAGO,IL,60628,COOK,,"https://cimc.epa.gov/ords/cimc/f?p=206:31::::31,0:P31_ID:234856",,,,,https://ordspub.epa.gov/ords/cimc/f?p=CIMC:REPOWER:::::P6_REFERENCE::,https://ofmpub.epa.gov/frs_public2/fii_query_detail.disp_program_facility?p_registry_id=110070556165,https://cimc.epa.gov/ords/cimcf?p=CIMC:MAP:::::P71_GEOSEARCH:41.69131 -87.61019
ALLIED CORPORATION,12260 SOUTH CARONDOLET AVENUE,CHICAGO,IL,60633,COOK,ILD001833714,,,https://cumulis.epa.gov/supercpad/cursites/csitinfo.cfm?id=0500112,,,https://ordspub.epa.gov/ords/cimc/f?p=CIMC:REPOWER:::::P6_REFERENCE::,https://ofmpub.epa.gov/frs_public2/fii_query_detail.disp_program_facility?p_registry_id=110071101673,https://cimc.epa.gov/ords/cimcf?p=CIMC:MAP:::::P71_GEOSEARCH:41.673889 -87.55
CRAWFORD POWER PLANT DEMOLITION,3501 S. Pulaski Rd,CHICAGO,IL,60623,Cook,,,,,,http://www.epaosc.org/CrawfordPlantDemo,,,https://cimc.epa.gov/ords/cimcf?p=CIMC:MAP:::::P71_GEOSEARCH:41.829753 -87.721804
NATIONAL LACQUER AND PAINT,7411 S. Green,CHICAGO,IL,60621,Cook,,,,,,http://www.epaosc.org/NationalPaintandLacquer,,,https://cimc.epa.gov/ords/cimcf?p=CIMC:MAP:::::P71_GEOSEARCH:41.7586 -87.6453
MOBILE EMERGENCY RESPONSE SYSTEM EVOLUTION,77 w. Jackson Blvd.,CHICAGO,IL,60604,Cook,,,,,,http://www.epaosc.org/merse,,,https://cimc.epa.gov/ords/cimcf?p=CIMC:MAP:::::P71_GEOSEARCH:41.87812 -87.630192
CRESCENT PLATING WORKS INC,3650 WEST ARMITAGE AVENUE,CHICAGO,IL,60647,COOK,ILN000509076,,,https://cumulis.epa.gov/supercpad/cursites/csitinfo.cfm?id=0509076,,,https://ordspub.epa.gov/ords/cimc/f?p=CIMC:REPOWER:::::P6_REFERENCE::,https://ofmpub.epa.gov/frs_public2/fii_query_detail.disp_program_facility?p_registry_id=110000435672,https://cimc.epa.gov/ords/cimcf?p=CIMC:MAP:::::P71_GEOSEARCH:41.917154 -87.718628
WEST 48TH AND OAKLEY,WEST 48TH AND OAKLEY,CHICAGO,IL,60609,COOK,,"https://cimc.epa.gov/ords/cimc/f?p=206:31::::31,0:P31_ID:10604",,,,,https://ordspub.epa.gov/ords/cimc/f?p=CIMC:REPOWER:::::P6_REFERENCE::34141,https://ofmpub.epa.gov/frs_public2/fii_query_detail.disp_program_facility?p_registry_id=110015331504,https://cimc.epa.gov/ords/cimcf?p=CIMC:MAP:::::P71_GEOSEARCH:41.80662 -87.68192
NARCHEM INDUSTRIAL FIRE ER,3800 W. 38TH ST,CHICAGO,IL,60632,COOK,ILN000506108,,,https://cumulis.epa.gov/supercpad/cursites/csitinfo.cfm?id=0506108,,,https://ordspub.epa.gov/ords/cimc/f?p=CIMC:REPOWER:::::P6_REFERENCE::,https://ofmpub.epa.gov/frs_public2/fii_query_detail.disp_program_facility?p_registry_id=110067351261,https://cimc.epa.gov/ords/cimcf?p=CIMC:MAP:::::P71_GEOSEARCH:41.823487 -87.719723
KILBOURN AVE PROPERTIES,1403 - 1409 AND 1415 - 1417 SOUTH KILBOURN AVE,CHICAGO,IL,60623,COOK,,"https://cimc.epa.gov/ords/cimc/f?p=206:31::::31,0:P31_ID:233043",,,,,https://ordspub.epa.gov/ords/cimc/f?p=CIMC:REPOWER:::::P6_REFERENCE::41242,https://ofmpub.epa.gov/frs_public2/fii_query_detail.disp_program_facility?p_registry_id=110070069175,https://cimc.epa.gov/ords/cimcf?p=CIMC:MAP:::::P71_GEOSEARCH:41.861801 -87.736908
